content;level;topic;
Ich lerne Deutsch.;A1.1;Aussagesatz;
Das ist ein Tisch.;A1.1;Aussagesatz;
Wir wohnen in Berlin.;A1.1;Aussagesatz;
Mein Name ist Schmidt.;A1.1;Aussagesatz;
Die Sonne scheint heute.;A1.1;Aussagesatz;
Er arbeitet als Programmierer.;A1.1;Aussagesatz;
Sie trinkt gerne Kaffee.;A1.1;Aussagesatz;
Das Auto ist neu.;A1.1;Aussagesatz;
Die Kinder spielen im Garten.;A1.1;Aussagesatz;
Ich habe am Montag einen Termin.;A1.1;Aussagesatz;
Wir gehen heute Abend essen.;A1.1;Aussagesatz;
Der Supermarkt schliesst um 20 Uhr.;A1.1;Aussagesatz;
Wie heissen Sie?;A1.1;W-Fragesatz;
Woher kommen Sie?;A1.1;W-Fragesatz;
Was sprechen Sie?;A1.1;W-Fragesatz;
Wo wohnen Sie?;A1.1;W-Fragesatz;
Was sind Sie von Beruf?;A1.1;W-Fragesatz;
Wer ist das?;A1.1;W-Fragesatz;
Wann beginnt der Deutschkurs?;A1.1;W-Fragesatz;
Warum lernen Sie Deutsch?;A1.1;W-Fragesatz;
Wie alt bist du?;A1.1;W-Fragesatz;
Was kostet das?;A1.1;W-Fragesatz;
Was machen Sie am Wochenende?;A1.1;W-Fragesatz;
Wie ist Ihre Adresse?;A1.1;W-Fragesatz;
Ich heisse Martin.;A1.1;Personalpronomen: ich, du, Sie;
Ich lerne seit zwei Monaten Deutsch.;A1.1;Personalpronomen: ich, du, Sie;
Ich komme aus Österreich.;A1.1;Personalpronomen: ich, du, Sie;
Ich habe eine Frage.;A1.1;Personalpronomen: ich, du, Sie;
Wie heisst du?;A1.1;Personalpronomen: ich, du, Sie;
Wo wohnst du?;A1.1;Personalpronomen: ich, du, Sie;
Bist du müde?;A1.1;Personalpronomen: ich, du, Sie;
Hast du Geschwister?;A1.1;Personalpronomen: ich, du, Sie;
Wie heissen Sie?;A1.1;Personalpronomen: ich, du, Sie;
Woher kommen Sie?;A1.1;Personalpronomen: ich, du, Sie;
Sprechen Sie Englisch?;A1.1;Personalpronomen: ich, du, Sie;
Haben Sie heute Zeit?;A1.1;Personalpronomen: ich, du, Sie;
Ich heisse Schmidt.;A1.1;Verbkonjugation: heissen, kommen, sprechen, sein;
Ich komme aus der Schweiz.;A1.1;Verbkonjugation: heissen, kommen, sprechen, sein;
Ich spreche Russisch und Englisch.;A1.1;Verbkonjugation: heissen, kommen, sprechen, sein;
Ich bin 30 Jahre alt.;A1.1;Verbkonjugation: heissen, kommen, sprechen, sein;
Wie heisst du?;A1.1;Verbkonjugation: heissen, kommen, sprechen, sein;
Woher kommen Sie?;A1.1;Verbkonjugation: heissen, kommen, sprechen, sein;
Welche Sprachen sprichst du?;A1.1;Verbkonjugation: heissen, kommen, sprechen, sein;
Bist du Student?;A1.1;Verbkonjugation: heissen, kommen, sprechen, sein;
Er heisst Alexander.;A1.1;Verbkonjugation: heissen, kommen, sprechen, sein;
Sie kommt aus der Türkei.;A1.1;Verbkonjugation: heissen, kommen, sprechen, sein;
Er spricht sehr gut Deutsch.;A1.1;Verbkonjugation: heissen, kommen, sprechen, sein;
Das ist ein Stuhl.;A1.1;Verbkonjugation: heissen, kommen, sprechen, sein;
Ich komme aus Deutschland.;A1.1;Präposition: aus;
Ich trinke Kaffee aus einer grossen Tasse.;A1.1;Präposition: aus;
Ich nehme das Geld aus dem Portemonnaie.;A1.1;Präposition: aus;
Das Hemd ist aus Baumwolle.;A1.1;Präposition: aus;
Woher kommst du?;A1.1;Präposition: aus;
Aus welchem Land kommen Sie?;A1.1;Präposition: aus;
Nimmst du die Milch aus dem Kühlschrank?;A1.1;Präposition: aus;
Ist der Ring aus Gold?;A1.1;Präposition: aus;
Der Stuhl ist aus Holz.;A1.1;Präposition: aus;
Er kommt gerade aus dem Büro.;A1.1;Präposition: aus;
Sie übersetzt einen Text aus dem Englischen.;A1.1;Präposition: aus;
Die Information stammt aus einer sicheren Quelle.;A1.1;Präposition: aus;
Das ist mein Koffer.;A1.1;Possessivartikel: mein/meine, dein/deine, Ihr/Ihre;
Meine Arbeit macht mir Spass.;A1.1;Possessivartikel: mein/meine, dein/deine, Ihr/Ihre;
Mein Mann ist Ingenieur.;A1.1;Possessivartikel: mein/meine, dein/deine, Ihr/Ihre;
Meine Eltern wohnen in Spanien.;A1.1;Possessivartikel: mein/meine, dein/deine, Ihr/Ihre;
Ist das dein Schlüssel?;A1.1;Possessivartikel: mein/meine, dein/deine, Ihr/Ihre;
Wie ist deine Adresse?;A1.1;Possessivartikel: mein/meine, dein/deine, Ihr/Ihre;
Ist das Ihr Auto?;A1.1;Possessivartikel: mein/meine, dein/deine, Ihr/Ihre;
Wie lautet Ihre Telefonnummer?;A1.1;Possessivartikel: mein/meine, dein/deine, Ihr/Ihre;
Das ist mein Tisch und das ist dein Stuhl.;A1.1;Possessivartikel: mein/meine, dein/deine, Ihr/Ihre;
Ist das Ihr Gepäck?;A1.1;Possessivartikel: mein/meine, dein/deine, Ihr/Ihre;
Mein Computer ist alt, aber dein Computer ist neu.;A1.1;Possessivartikel: mein/meine, dein/deine, Ihr/Ihre;
Frau Weber, Ihr Taxi wartet.;A1.1;Possessivartikel: mein/meine, dein/deine, Ihr/Ihre;
Wir lernen zusammen Deutsch.;A1.1;Personalpronomen: er, sie, wir, ihr, sie;
Wir haben eine schöne Wohnung.;A1.1;Personalpronomen: er, sie, wir, ihr, sie;
Ihr sprecht sehr gut Deutsch.;A1.1;Personalpronomen: er, sie, wir, ihr, sie;
Ihr seid sehr nett.;A1.1;Personalpronomen: er, sie, wir, ihr, sie;
Wo arbeitet er?;A1.1;Personalpronomen: er, sie, wir, ihr, sie;
Was macht sie in ihrer Freizeit?;A1.1;Personalpronomen: er, sie, wir, ihr, sie;
Habt ihr morgen Zeit?;A1.1;Personalpronomen: er, sie, wir, ihr, sie;
Wo wohnen sie?;A1.1;Personalpronomen: er, sie, wir, ihr, sie;
Er heisst Thomas und kommt aus Graz.;A1.1;Personalpronomen: er, sie, wir, ihr, sie;
Sie liest gerne Bücher.;A1.1;Personalpronomen: er, sie, wir, ihr, sie;
Sie (Plural) sind meine Kollegen.;A1.1;Personalpronomen: er, sie, wir, ihr, sie;
Wir gehen heute ins Museum, kommt ihr mit?;A1.1;Personalpronomen: er, sie, wir, ihr, sie;
Ich lebe in einer kleinen Stadt.;A1.1;Verbkonjugation: leben, heissen, sprechen, haben, sein;
Ich habe eine Katze.;A1.1;Verbkonjugation: leben, heissen, sprechen, haben, sein;
Wir sind aus demselben Land.;A1.1;Verbkonjugation: leben, heissen, sprechen, haben, sein;
Wir sprechen drei Sprachen.;A1.1;Verbkonjugation: leben, heissen, sprechen, haben, sein;
Wo leben Ihre Eltern?;A1.1;Verbkonjugation: leben, heissen, sprechen, haben, sein;
Habt ihr Kinder?;A1.1;Verbkonjugation: leben, heissen, sprechen, haben, sein;
Sind Sie verheiratet?;A1.1;Verbkonjugation: leben, heissen, sprechen, haben, sein;
Heisst Ihr Kollege Herr Meier?;A1.1;Verbkonjugation: leben, heissen, sprechen, haben, sein;
Er lebt seit fünf Jahren in Deutschland.;A1.1;Verbkonjugation: leben, heissen, sprechen, haben, sein;
Sie hat braune Haare.;A1.1;Verbkonjugation: leben, heissen, sprechen, haben, sein;
Meine Nachbarn sind sehr laut.;A1.1;Verbkonjugation: leben, heissen, sprechen, haben, sein;
Die Studenten haben eine Frage.;A1.1;Verbkonjugation: leben, heissen, sprechen, haben, sein;
Ich wohne in der Bahnhofstrasse.;A1.1;Präposition: in;
Ich arbeite in einem grossen Büro.;A1.1;Präposition: in;
In meiner Freizeit lese ich viel.;A1.1;Präposition: in;
Ich bin in fünf Minuten fertig.;A1.1;Präposition: in;
Wohnst du in einem Haus oder in einer Wohnung?;A1.1;Präposition: in;
In welchem Stockwerk ist das Büro?;A1.1;Präposition: in;
Was ist in deinem Rucksack?;A1.1;Präposition: in;
Sind Sie in Eile?;A1.1;Präposition: in;
Er ist im (in dem) Park.;A1.1;Präposition: in;
Der Schlüssel steckt in der Tür.;A1.1;Präposition: in;
In Deutschland gibt es viele schöne Städte.;A1.1;Präposition: in;
Das Konzert findet in der Stadthalle statt.;A1.1;Präposition: in;
Kommen Sie aus der Schweiz?;A1.1;Ja/Nein-Fragesatz;
Sprechen Sie Englisch?;A1.1;Ja/Nein-Fragesatz;
Wohnst du in Hamburg?;A1.1;Ja/Nein-Fragesatz;
Ist das Ihr Platz?;A1.1;Ja/Nein-Fragesatz;
Haben Sie einen Moment Zeit?;A1.1;Ja/Nein-Fragesatz;
Lernst du gern Deutsch?;A1.1;Ja/Nein-Fragesatz;
Arbeitet Ihr Mann in dieser Firma?;A1.1;Ja/Nein-Fragesatz;
Ist die Antwort richtig?;A1.1;Ja/Nein-Fragesatz;
Sind die Geschäfte heute geöffnet?;A1.1;Ja/Nein-Fragesatz;
Gehen wir heute Abend ins Kino?;A1.1;Ja/Nein-Fragesatz;
Kann ich Ihnen helfen?;A1.1;Ja/Nein-Fragesatz;
Schmeckt dir das Essen?;A1.1;Ja/Nein-Fragesatz;
Ich bin Lehrerin von Beruf.;A1.1;Nullartikel;
Ich trinke morgens immer Kaffee.;A1.1;Nullartikel;
Ich habe Hunger und Durst.;A1.1;Nullartikel;
In meiner Freizeit spiele ich Klavier.;A1.1;Nullartikel;
Sprechen Sie Deutsch?;A1.1;Nullartikel;
Fahren Sie Auto?;A1.1;Nullartikel;
Haben Sie Zeit?;A1.1;Nullartikel;
Ist er Arzt?;A1.1;Nullartikel;
Geduld ist eine Tugend.;A1.1;Nullartikel;
Er lernt seit einem Jahr Chinesisch.;A1.1;Nullartikel;
Sie isst gern Schokolade.;A1.1;Nullartikel;
Holz ist ein natürliches Material.;A1.1;Nullartikel;
Ich lese gerade ein spannendes Buch.;A1.1;Indefiniter Artikel: ein, eine;
Ich brauche einen neuen Computer.;A1.1;Indefiniter Artikel: ein, eine;
Ich möchte eine Tasse Tee bestellen.;A1.1;Indefiniter Artikel: ein, eine;
Ich habe eine Idee.;A1.1;Indefiniter Artikel: ein, eine;
Haben Sie einen Stift für mich?;A1.1;Indefiniter Artikel: ein, eine;
Ist das eine gute Frage?;A1.1;Indefiniter Artikel: ein, eine;
Gibt es hier in der Nähe ein Restaurant?;A1.1;Indefiniter Artikel: ein, eine;
Möchtest du ein Glas Wasser?;A1.1;Indefiniter Artikel: ein, eine;
Das ist ein Tisch.;A1.1;Indefiniter Artikel: ein, eine;
Sie hat einen Hund und eine Katze.;A1.1;Indefiniter Artikel: ein, eine;
Ein Freund von mir arbeitet bei der Post.;A1.1;Indefiniter Artikel: ein, eine;
Er kauft ein Geschenk für seine Frau.;A1.1;Indefiniter Artikel: ein, eine;
Ich habe heute keine Zeit.;A1.1;Negativartikel: kein, keine;
Ich trinke keinen Kaffee nach 16 Uhr.;A1.1;Negativartikel: kein, keine;
Ich habe leider kein Geld dabei.;A1.1;Negativartikel: kein, keine;
Ich spreche keine Japanisch.;A1.1;Negativartikel: kein, keine;
Haben Sie keine Fragen?;A1.1;Negativartikel: kein, keine;
Isst du kein Fleisch?;A1.1;Negativartikel: kein, keine;
Warum hast du keine Jacke an?;A1.1;Negativartikel: kein, keine;
Gibt es hier keinen Parkplatz?;A1.1;Negativartikel: kein, keine;
Das ist kein Problem.;A1.1;Negativartikel: kein, keine;
Er hat keine Geschwister.;A1.1;Negativartikel: kein, keine;
Wir haben keine Milch mehr.;A1.1;Negativartikel: kein, keine;
Auf dem Tisch liegt kein Stift.;A1.1;Negativartikel: kein, keine;
Ein Apfel ist gesund. Zwei Äpfel sind auch gesund.;A1.1;Pluralbildung;
Das ist ein Stuhl. Das sind vier Stühle.;A1.1;Pluralbildung;
Die Frau liest. Die Frauen unterhalten sich.;A1.1;Pluralbildung;
Der Mann arbeitet im Garten. Die Männer spielen Fussball.;A1.1;Pluralbildung;
Das Kind spielt. Die Kinder lernen.;A1.1;Pluralbildung;
Ich kaufe ein Buch. Ich kaufe viele Bücher.;A1.1;Pluralbildung;
Die Tomate ist rot. Die Tomaten sind auch rot.;A1.1;Pluralbildung;
Das ist ein Haus. Das sind moderne Häuser.;A1.1;Pluralbildung;
Der Bus kommt. Die Busse sind pünktlich.;A1.1;Pluralbildung;
Die Lampe ist an. Die Lampen sind aus.;A1.1;Pluralbildung;
Mein Kollege ist nett. Meine Kollegen sind auch nett.;A1.1;Pluralbildung;
Das Land ist gross. Die Länder sind vielfältig.;A1.1;Pluralbildung;
Ich möchte einen Kaffee, bitte.;A1.1;Verbkonjugation: möchte-;
Ich möchte Sie etwas fragen.;A1.1;Verbkonjugation: möchte-;
Wir möchten am Fenster sitzen.;A1.1;Verbkonjugation: möchte-;
Ich möchte dieses Wochenende meine Familie besuchen.;A1.1;Verbkonjugation: möchte-;
Möchten Sie etwas trinken?;A1.1;Verbkonjugation: möchte-;
Was möchtest du zum Geburtstag?;A1.1;Verbkonjugation: möchte-;
Möchtet ihr mit ins Kino kommen?;A1.1;Verbkonjugation: möchte-;
Möchten Sie Zucker in Ihren Tee?;A1.1;Verbkonjugation: möchte-;
Er möchte Pilot werden.;A1.1;Verbkonjugation: möchte-;
Sie möchte ein neues Auto kaufen.;A1.1;Verbkonjugation: möchte-;
Die Kinder möchten ein Eis essen.;A1.1;Verbkonjugation: möchte-;
Peter möchte nach der Arbeit nach Hause gehen.;A1.1;Verbkonjugation: möchte-;
Ich nehme den Bus zur Arbeit.;A1.1;Definiter Artikel: der, das, die;
Ich sehe den Mann dort drüben.;A1.1;Definiter Artikel: der, das, die;
Ich stelle die Blumen auf den Tisch.;A1.1;Definiter Artikel: der, das, die;
Ich öffne das Fenster.;A1.1;Definiter Artikel: der, das, die;
Wo ist der Bahnhof?;A1.1;Definiter Artikel: der, das, die;
Wie gefällt dir das Buch?;A1.1;Definiter Artikel: der, das, die;
Findest du die Tasche schön?;A1.1;Definiter Artikel: der, das, die;
Wo finde ich die Personalabteilung?;A1.1;Definiter Artikel: der, das, die;
Der Hund schläft im Korb.;A1.1;Definiter Artikel: der, das, die;
Das Auto gehört meinem Bruder.;A1.1;Definiter Artikel: der, das, die;
Die Sonne scheint.;A1.1;Definiter Artikel: der, das, die;
Der Lehrer erklärt die Grammatik.;A1.1;Definiter Artikel: der, das, die;
Ich warte hier auf dich.;A1.1;Lokale Adverbien: hier, dort;
Mein Büro ist hier im zweiten Stock.;A1.1;Lokale Adverbien: hier, dort;
Von hier aus hat man eine gute Aussicht.;A1.1;Lokale Adverbien: hier, dort;
Ich bin nicht von hier.;A1.1;Lokale Adverbien: hier, dort;
Ist hier noch ein Platz frei?;A1.1;Lokale Adverbien: hier, dort;
Wer sitzt dort am Fenster?;A1.1;Lokale Adverbien: hier, dort;
Können Sie das bitte hier unterschreiben?;A1.1;Lokale Adverbien: hier, dort;
Was macht die Katze dort auf dem Dach?;A1.1;Lokale Adverbien: hier, dort;
Hier ist der Eingang und dort ist der Ausgang.;A1.1;Lokale Adverbien: hier, dort;
Das Restaurant ist nicht hier, es ist dort drüben.;A1.1;Lokale Adverbien: hier, dort;
Stell die Kiste bitte dort in die Ecke.;A1.1;Lokale Adverbien: hier, dort;
Dort hinten sehen Sie schon den Bahnhof.;A1.1;Lokale Adverbien: hier, dort;
Ich bin heute sehr glücklich.;A1.1;Prädikatives Adjektiv;
Meine Wohnung ist ziemlich klein.;A1.1;Prädikatives Adjektiv;
Mein Kaffee ist noch heiss.;A1.1;Prädikatives Adjektiv;
Ich finde die deutsche Sprache schwierig.;A1.1;Prädikatives Adjektiv;
Bist du müde?;A1.1;Prädikatives Adjektiv;
Ist der Film interessant?;A1.1;Prädikatives Adjektiv;
Warum bist du so traurig?;A1.1;Prädikatives Adjektiv;
Ist deine neue Arbeit anstrengend?;A1.1;Prädikatives Adjektiv;
Das Wetter ist heute wunderschön.;A1.1;Prädikatives Adjektiv;
Die Strassen sind leer.;A1.1;Prädikatives Adjektiv;
Sein neues Auto ist sehr schnell.;A1.1;Prädikatives Adjektiv;
Die Suppe schmeckt salzig.;A1.1;Prädikatives Adjektiv;
Er ist mein Bruder. Er wohnt in München.;A1.1;Personalpronomen: er, es, sie;
Er spricht fliessend Spanisch.;A1.1;Personalpronomen: er, es, sie;
Das ist meine Schwester. Sie ist Ärztin.;A1.1;Personalpronomen: er, es, sie;
Sie hat am Freitag einen wichtigen Termin.;A1.1;Personalpronomen: er, es, sie;
Das ist mein Handy. Es ist ganz neu.;A1.1;Personalpronomen: er, es, sie;
Wo ist mein Buch? Es liegt auf dem Tisch.;A1.1;Personalpronomen: er, es, sie;
Das Wetter ist schön. Es ist warm und sonnig.;A1.1;Personalpronomen: er, es, sie;
Das Baby weint. Es hat wahrscheinlich Hunger.;A1.1;Personalpronomen: er, es, sie;
Ich habe einen neuen Kollegen. Er ist sehr sympathisch.;A1.1;Personalpronomen: er, es, sie;
Ich sehe meine Nachbarin. Sie arbeitet im Garten.;A1.1;Personalpronomen: er, es, sie;
Das Auto ist kaputt. Es muss in die Werkstatt.;A1.1;Personalpronomen: er, es, sie;
Wo ist die Katze? Sie schläft auf dem Sofa.;A1.1;Personalpronomen: er, es, sie;
Ich verstehe die Frage nicht.;A1.1;Negation: nicht;
Ich arbeite heute nicht.;A1.1;Negation: nicht;
Ich mag Spinat nicht.;A1.1;Negation: nicht;
Ich bin mit dem Vorschlag nicht einverstanden.;A1.1;Negation: nicht;
Kommst du nicht mit ins Schwimmbad?;A1.1;Negation: nicht;
Ist das nicht Ihr Mantel?;A1.1;Negation: nicht;
Warum antwortest du nicht?;A1.1;Negation: nicht;
Findest du das nicht auch komisch?;A1.1;Negation: nicht;
Das ist nicht teuer.;A1.1;Negation: nicht;
Der Zug ist nicht pünktlich.;A1.1;Negation: nicht;
Diese Aufgabe ist nicht einfach.;A1.1;Negation: nicht;
Bitte nicht stören.;A1.1;Negation: nicht;
Ich lerne Deutsch. Das Lernen macht Spass.;A1.1;Wortbildung Nomen;
Er fährt nach Berlin. Die Fahrt dauert drei Stunden.;A1.1;Wortbildung Nomen;
Sie wohnt im Zentrum. Ihre Wohnung ist gross.;A1.1;Wortbildung Nomen;
Wir essen um 18 Uhr. Das Essen ist lecker.;A1.1;Wortbildung Nomen;
Er arbeitet bei Siemens. Die Arbeit ist interessant.;A1.1;Wortbildung Nomen;
Sie reist sehr gern. Ihre nächste Reise geht nach Japan.;A1.1;Wortbildung Nomen;
Ich laufe jeden Morgen. Das Laufen hält mich fit.;A1.1;Wortbildung Nomen;
Er besucht seine Eltern. Der Besuch dauert nur kurz.;A1.1;Wortbildung Nomen;
Der Kurs fängt an. Der Anfang ist immer schwer.;A1.1;Wortbildung Nomen;
Das Geschäft öffnet um 9 Uhr. Die Öffnung ist pünktlich.;A1.1;Wortbildung Nomen;
Er spricht gut Englisch. Seine Sprache ist flüssig.;A1.1;Wortbildung Nomen;
Der Film endet um 22 Uhr. Das Ende ist überraschend.;A1.1;Wortbildung Nomen;
Ich stehe jeden Tag um 6 Uhr auf.;A1.1;Trennbare Verben im Satz;
Ich kaufe im Supermarkt ein.;A1.1;Trennbare Verben im Satz;
Ich rufe dich später an.;A1.1;Trennbare Verben im Satz;
Ich mache das Fenster zu.;A1.1;Trennbare Verben im Satz;
Wann fängt der Film an?;A1.1;Trennbare Verben im Satz;
Kommst du am Samstag mit?;A1.1;Trennbare Verben im Satz;
Holst du mich vom Bahnhof ab?;A1.1;Trennbare Verben im Satz;
Warum siehst du so oft fern?;A1.1;Trennbare Verben im Satz;
Der Zug nach Hamburg fährt um 10:30 Uhr ab.;A1.1;Trennbare Verben im Satz;
Sie lädt ihre Freunde zum Essen ein.;A1.1;Trennbare Verben im Satz;
Er zieht eine neue Jacke an.;A1.1;Trennbare Verben im Satz;
Der Lehrer liest den Text vor.;A1.1;Trennbare Verben im Satz;
Ich arbeite von 9 bis 17 Uhr.;A1.1;Verbkonjugation: fernsehen, arbeiten, essen, anfangen, schlafen;
Ich schlafe am Wochenende gerne lange.;A1.1;Verbkonjugation: fernsehen, arbeiten, essen, anfangen, schlafen;
Ich sehe nicht oft fern.;A1.1;Verbkonjugation: fernsehen, arbeiten, essen, anfangen, schlafen;
Ich esse am liebsten Pizza.;A1.1;Verbkonjugation: fernsehen, arbeiten, essen, anfangen, schlafen;
Wann fängt der Unterricht an?;A1.1;Verbkonjugation: fernsehen, arbeiten, essen, anfangen, schlafen;
Was isst du heute zu Mittag?;A1.1;Verbkonjugation: fernsehen, arbeiten, essen, anfangen, schlafen;
Arbeitest du am Wochenende?;A1.1;Verbkonjugation: fernsehen, arbeiten, essen, anfangen, schlafen;
Schläfst du gut?;A1.1;Verbkonjugation: fernsehen, arbeiten, essen, anfangen, schlafen;
Er arbeitet als Kellner.;A1.1;Verbkonjugation: fernsehen, arbeiten, essen, anfangen, schlafen;
Der Film fängt um 20 Uhr an.;A1.1;Verbkonjugation: fernsehen, arbeiten, essen, anfangen, schlafen;
Sie isst einen Salat.;A1.1;Verbkonjugation: fernsehen, arbeiten, essen, anfangen, schlafen;
Das Baby schläft im Kinderwagen.;A1.1;Verbkonjugation: fernsehen, arbeiten, essen, anfangen, schlafen;
Ich habe am Montag einen Arzttermin.;A1.1;Präpositionen: am, um, von … bis;
Ich arbeite von Montag bis Freitag.;A1.1;Präpositionen: am, um, von … bis;
Ich stehe um 6:30 Uhr auf.;A1.1;Präpositionen: am, um, von … bis;
Am Abend lese ich gerne ein Buch.;A1.1;Präpositionen: am, um, von … bis;
Um wie viel Uhr treffen wir uns?;A1.1;Präpositionen: am, um, von … bis;
Wann hast du am Nachmittag Zeit?;A1.1;Präpositionen: am, um, von … bis;
Von wann bis wann ist das Museum geöffnet?;A1.1;Präpositionen: am, um, von … bis;
Hat er am Sonntag Geburtstag?;A1.1;Präpositionen: am, um, von … bis;
Das Geschäft ist von 9 Uhr bis 18 Uhr geöffnet.;A1.1;Präpositionen: am, um, von … bis;
Der Zug fährt um 15:02 Uhr ab.;A1.1;Präpositionen: am, um, von … bis;
Am Wochenende fahre ich zu meinen Eltern.;A1.1;Präpositionen: am, um, von … bis;
Der Deutschkurs dauert von Januar bis März.;A1.1;Präpositionen: am, um, von … bis;
Ich lerne jeden Tag Deutsch.;A1.1;Verbposition im Satz;
Morgen gehe ich ins Fitnessstudio.;A1.1;Verbposition im Satz;
Wir fahren am Wochenende nach Berlin.;A1.1;Verbposition im Satz;
Er arbeitet seit drei Jahren in dieser Firma.;A1.1;Verbposition im Satz;
Wo wohnen Sie?;A1.1;Verbposition im Satz;
Wann beginnt der Film?;A1.1;Verbposition im Satz;
Was machst du heute Abend?;A1.1;Verbposition im Satz;
Wie kommen Sie zur Arbeit?;A1.1;Verbposition im Satz;
Kommst du aus Italien?;A1.1;Verbposition im Satz;
Sprichst du gut Englisch?;A1.1;Verbposition im Satz;
Hast du meine E-Mail bekommen?;A1.1;Verbposition im Satz;
Wohnen deine Eltern auch hier?;A1.1;Verbposition im Satz;
Ich habe einen Hund.;A1.1;Akkusativ;
Ich lese einen interessanten Roman.;A1.1;Akkusativ;
Ich brauche einen neuen Regenschirm.;A1.1;Akkusativ;
Ich möchte einen Kaffee bestellen.;A1.1;Akkusativ;
Hast du einen Moment Zeit für mich?;A1.1;Akkusativ;
Wen rufst du an?;A1.1;Akkusativ;
Für wen kaufst du die Blumen?;A1.1;Akkusativ;
Welchen Film möchtest du sehen?;A1.1;Akkusativ;
Er kauft den Tisch für die neue Wohnung.;A1.1;Akkusativ;
Sie isst einen Apfel.;A1.1;Akkusativ;
Der Kellner bringt die Rechnung.;A1.1;Akkusativ;
Das Kind bekommt ein Geschenk.;A1.1;Akkusativ;
Kommst du aus der Türkei? Nein, ich komme aus dem Iran.;A1.1;Ja/Nein-Frage und Antwort: ja, nein, doch;
Sprichst du kein Französisch? Doch, ich spreche ein bisschen Französisch.;A1.1;Ja/Nein-Frage und Antwort: ja, nein, doch;
Ist das deine Jacke? Ja, das ist meine Jacke.;A1.1;Ja/Nein-Frage und Antwort: ja, nein, doch;
Hast du keinen Hunger? Doch, ich habe grossen Hunger.;A1.1;Ja/Nein-Frage und Antwort: ja, nein, doch;
Wohnst du nicht in Berlin? Doch, ich wohne in Berlin.;A1.1;Ja/Nein-Frage und Antwort: ja, nein, doch;
Ist Herr Klein nicht da? Nein, er ist heute im Urlaub.;A1.1;Ja/Nein-Frage und Antwort: ja, nein, doch;
Bist du müde? Ja, ich bin sehr müde.;A1.1;Ja/Nein-Frage und Antwort: ja, nein, doch;
Hast du die E-Mail nicht bekommen? Doch, ich habe sie gerade gelesen.;A1.1;Ja/Nein-Frage und Antwort: ja, nein, doch;
Können Sie mir helfen? Ja, natürlich.;A1.1;Ja/Nein-Frage und Antwort: ja, nein, doch;
Ist das Essen nicht gut? Doch, es schmeckt sehr gut.;A1.1;Ja/Nein-Frage und Antwort: ja, nein, doch;
Warst du schon einmal in Paris? Nein, leider noch nicht.;A1.1;Ja/Nein-Frage und Antwort: ja, nein, doch;
Arbeitest du nicht gerne hier? Doch, die Arbeit gefällt mir sehr gut.;A1.1;Ja/Nein-Frage und Antwort: ja, nein, doch;
Ich nehme den Zug um 8 Uhr.;A1.1;Verbkonjugation: nehmen, lesen, treffen, fahren;
Ich lese gerne Krimis.;A1.1;Verbkonjugation: nehmen, lesen, treffen, fahren;
Ich treffe mich heute mit einer Freundin.;A1.1;Verbkonjugation: nehmen, lesen, treffen, fahren;
Ich fahre am liebsten mit dem Fahrrad.;A1.1;Verbkonjugation: nehmen, lesen, treffen, fahren;
Nimmst du Zucker in den Kaffee?;A1.1;Verbkonjugation: nehmen, lesen, treffen, fahren;
Was liest du gerade?;A1.1;Verbkonjugation: nehmen, lesen, treffen, fahren;
Wen triffst du heute Abend?;A1.1;Verbkonjugation: nehmen, lesen, treffen, fahren;
Fährst du oft mit dem Auto?;A1.1;Verbkonjugation: nehmen, lesen, treffen, fahren;
Er nimmt den Bus zur Universität.;A1.1;Verbkonjugation: nehmen, lesen, treffen, fahren;
Sie liest ihrem Sohn eine Geschichte vor.;A1.1;Verbkonjugation: nehmen, lesen, treffen, fahren;
Der Manager trifft einen wichtigen Kunden.;A1.1;Verbkonjugation: nehmen, lesen, treffen, fahren;
Der Zug fährt nach München.;A1.1;Verbkonjugation: nehmen, lesen, treffen, fahren;
Ich kann sehr gut schwimmen.;A1.1;Modalverben: können, wollen;
Ich will am Wochenende schlafen.;A1.1;Modalverben: können, wollen;
Wir wollen nächstes Jahr nach Spanien reisen.;A1.1;Modalverben: können, wollen;
Ich kann dir bei den Hausaufgaben helfen.;A1.1;Modalverben: können, wollen;
Kannst du mir bitte das Salz geben?;A1.1;Modalverben: können, wollen;
Was willst du heute Abend essen?;A1.1;Modalverben: können, wollen;
Können Sie das bitte wiederholen?;A1.1;Modalverben: können, wollen;
Wohin wollt ihr im Urlaub fahren?;A1.1;Modalverben: können, wollen;
Er kann drei Sprachen sprechen.;A1.1;Modalverben: können, wollen;
Sie will Medizin studieren.;A1.1;Modalverben: können, wollen;
Man kann hier nicht parken.;A1.1;Modalverben: können, wollen;
Die Kinder wollen nicht ins Bett gehen.;A1.1;Modalverben: können, wollen;
Ich muss heute Abend einkaufen.;A1.1;Satzklammer;
Wann fängt der Unterricht an?;A1.1;Satzklammer;
Wir wollen am Wochenende meine Eltern besuchen.;A1.1;Satzklammer;
Er steht jeden Morgen um sieben Uhr auf.;A1.1;Satzklammer;
Sie kann sehr gut Klavier spielen.;A1.1;Satzklammer;
Rufst du mich morgen an?;A1.1;Satzklammer;
Der Zug kommt in wenigen Minuten an.;A1.1;Satzklammer;
Ich möchte Sie zu meiner Party einladen.;A1.1;Satzklammer;
Er hat vergessen, das Fenster zuzumachen.;A1.1;Satzklammer;
Sie sieht jeden Abend ein bisschen fern.;A1.1;Satzklammer;
Können Sie mich bitte vom Bahnhof abholen?;A1.1;Satzklammer;
Ich fange jetzt mit der Arbeit an.;A1.1;Satzklammer;
Ich habe gestern eine Suppe gekocht.;A1.1;Perfekt mit haben: kochen;
Ich habe deine E-Mail bekommen.;A1.1;Perfekt mit haben: kochen;
Ich habe am Wochenende gearbeitet.;A1.1;Perfekt mit haben: kochen;
Wir haben lange auf den Bus gewartet.;A1.1;Perfekt mit haben: kochen;
Hast du gut geschlafen?;A1.1;Perfekt mit haben: kochen;
Was hast du am Freitag gemacht?;A1.1;Perfekt mit haben: kochen;
Habt ihr den Film schon gesehen?;A1.1;Perfekt mit haben: kochen;
Warum hast du mich nicht angerufen?;A1.1;Perfekt mit haben: kochen;
Er hat seine Hausaufgaben gemacht.;A1.1;Perfekt mit haben: kochen;
Sie hat ein neues Auto gekauft.;A1.1;Perfekt mit haben: kochen;
Die Kinder haben im Garten gespielt.;A1.1;Perfekt mit haben: kochen;
Peter hat seine Freundin zum Essen eingeladen.;A1.1;Perfekt mit haben: kochen;
Ich bin gestern im Park spazieren gegangen.;A1.1;Perfekt mit sein: spazieren gehen;
Ich bin letzte Woche nach Berlin gefahren.;A1.1;Perfekt mit sein: spazieren gehen;
Ich bin heute Morgen um 7 Uhr aufgestanden.;A1.1;Perfekt mit sein: spazieren gehen;
Wir sind am Wochenende zu Hause geblieben.;A1.1;Perfekt mit sein: spazieren gehen;
Bist du schon einmal nach New York geflogen?;A1.1;Perfekt mit sein: spazieren gehen;
Wann bist du gestern angekommen?;A1.1;Perfekt mit sein: spazieren gehen;
Seid ihr am Sonntag ins Museum gegangen?;A1.1;Perfekt mit sein: spazieren gehen;
Wohin bist du im Urlaub gereist?;A1.1;Perfekt mit sein: spazieren gehen;
Er ist mit dem Fahrrad zur Arbeit gefahren.;A1.1;Perfekt mit sein: spazieren gehen;
Sie ist die Treppe hinaufgegangen.;A1.1;Perfekt mit sein: spazieren gehen;
Der Zug ist pünktlich abgefahren.;A1.1;Perfekt mit sein: spazieren gehen;
Meine Grosseltern sind letztes Jahr umgezogen.;A1.1;Perfekt mit sein: spazieren gehen;
Gestern habe ich meine Freunde getroffen.;A1.1;Perfekt im Satz;
Letzte Woche bin ich ins Kino gegangen.;A1.1;Perfekt im Satz;
Ich habe die Nachrichten noch nicht gelesen.;A1.1;Perfekt im Satz;
Ich bin am Montag nach Hamburg gefahren.;A1.1;Perfekt im Satz;
Was hast du am Wochenende gemacht?;A1.1;Perfekt im Satz;
Wann bist du heute Morgen aufgestanden?;A1.1;Perfekt im Satz;
Hast du schon gefrühstückt?;A1.1;Perfekt im Satz;
Warum bist du so spät gekommen?;A1.1;Perfekt im Satz;
Er hat mir eine E-Mail geschrieben.;A1.1;Perfekt im Satz;
Sie ist nach dem Kurs nach Hause gegangen.;A1.1;Perfekt im Satz;
Der Bus ist gerade abgefahren.;A1.1;Perfekt im Satz;
Wir haben das ganze Wochenende gelernt.;A1.1;Perfekt im Satz;
Die Prüfung war schwer. Ich brauche eine gute Vorbereitung.;A1.2;Wortbildung Nomen;
Ich habe eine Einladung zu einer Hochzeit bekommen.;A1.2;Wortbildung Nomen;
Meiner Meinung nach ist das eine gute Idee.;A1.2;Wortbildung Nomen;
Die Lösung des Problems ist einfach.;A1.2;Wortbildung Nomen;
Wie lange dauert die Fahrt zum Flughafen?;A1.2;Wortbildung Nomen;
Was ist deine Empfehlung für ein gutes Restaurant?;A1.2;Wortbildung Nomen;
Brauchen Sie Hilfe bei der Bedienung des Automaten?;A1.2;Wortbildung Nomen;
Haben Sie eine Reservierung auf den Namen Schmidt?;A1.2;Wortbildung Nomen;
Die Eröffnung des neuen Museums findet morgen statt.;A1.2;Wortbildung Nomen;
Gesundheit ist das Wichtigste im Leben.;A1.2;Wortbildung Nomen;
Die Regierung hat eine neue Regelung beschlossen.;A1.2;Wortbildung Nomen;
"Die Endung von diesem Wort ist ""-ung"".";A1.2;Wortbildung Nomen;
Ich arbeite bei einer grossen internationalen Firma.;A1.2;Lokale Präposition: bei;
Ich habe einen Termin beim Zahnarzt.;A1.2;Lokale Präposition: bei;
Ich wohne bei meinen Eltern.;A1.2;Lokale Präposition: bei;
Ich kaufe mein Gemüse immer bei einem Bauern auf dem Markt.;A1.2;Lokale Präposition: bei;
Bist du bei der Arbeit?;A1.2;Lokale Präposition: bei;
Warst du schon beim Friseur?;A1.2;Lokale Präposition: bei;
Treffen wir uns bei dir zu Hause?;A1.2;Lokale Präposition: bei;
Liegt das Buch bei dir auf dem Tisch?;A1.2;Lokale Präposition: bei;
Er ist gerade bei einem Kunden.;A1.2;Lokale Präposition: bei;
Bei diesem Wetter bleiben wir lieber zu Hause.;A1.2;Lokale Präposition: bei;
Die Kinder spielen bei den Grosseltern im Garten.;A1.2;Lokale Präposition: bei;
Man kann bei der Touristeninformation Stadtpläne bekommen.;A1.2;Lokale Präposition: bei;
Ich arbeite als Programmierer.;A1.2;Modale Präposition: als;
Als Kind wollte ich immer Pilot werden.;A1.2;Modale Präposition: als;
Ich sehe das als eine grosse Chance für mich.;A1.2;Modale Präposition: als;
Ich esse lieber Fisch als Fleisch.;A1.2;Modale Präposition: als;
Was machst du als Nächstes?;A1.2;Modale Präposition: als;
Ist dein Bruder älter als du?;A1.2;Modale Präposition: als;
Möchtest du lieber Tee als Kaffee?;A1.2;Modale Präposition: als;
Als was arbeiten Sie?;A1.2;Modale Präposition: als;
Er ist schneller gelaufen als alle anderen.;A1.2;Modale Präposition: als;
Sie benutzt ihr Tuch als Kopfbedeckung.;A1.2;Modale Präposition: als;
Das Hotel war besser als erwartet.;A1.2;Modale Präposition: als;
Ein Auto ist teurer als ein Fahrrad.;A1.2;Modale Präposition: als;
Ich lerne seit sechs Monaten Deutsch.;A1.2;Temporale Präpositionen: vor, seit, für;
Ich fahre für zwei Wochen in den Urlaub.;A1.2;Temporale Präpositionen: vor, seit, für;
Ich gehe vor der Arbeit oft eine Runde joggen.;A1.2;Temporale Präpositionen: vor, seit, für;
Ich bin seit gestern erkältet.;A1.2;Temporale Präpositionen: vor, seit, für;
Seit wann wohnst du in dieser Stadt?;A1.2;Temporale Präpositionen: vor, seit, für;
Für wie lange ist die Bibliothek geöffnet?;A1.2;Temporale Präpositionen: vor, seit, für;
Trinken wir vor dem Film noch einen Kaffee?;A1.2;Temporale Präpositionen: vor, seit, für;
Nimmst du seit langer Zeit Medikamente?;A1.2;Temporale Präpositionen: vor, seit, für;
Er wartet seit einer Stunde auf den Bus.;A1.2;Temporale Präpositionen: vor, seit, für;
Vor dem Einschlafen lese ich immer ein paar Seiten.;A1.2;Temporale Präpositionen: vor, seit, für;
Das Angebot gilt nur für kurze Zeit.;A1.2;Temporale Präpositionen: vor, seit, für;
Seit dem Unfall hat sie Angst vor dem Autofahren.;A1.2;Temporale Präpositionen: vor, seit, für;
Ich war gestern den ganzen Tag zu Hause.;A1.2;Präteritum: sein, haben, war, hatte;
Ich hatte letzte Woche viel zu tun.;A1.2;Präteritum: sein, haben, war, hatte;
Wir waren sehr zufrieden mit dem Hotel.;A1.2;Präteritum: sein, haben, war, hatte;
Wir hatten grosses Glück mit dem Wetter.;A1.2;Präteritum: sein, haben, war, hatte;
Wo warst du im Urlaub?;A1.2;Präteritum: sein, haben, war, hatte;
Hattest du eine gute Reise?;A1.2;Präteritum: sein, haben, war, hatte;
Wart ihr schon einmal in diesem Restaurant?;A1.2;Präteritum: sein, haben, war, hatte;
Hatte der Laden gestern geöffnet?;A1.2;Präteritum: sein, haben, war, hatte;
Das Konzert war fantastisch.;A1.2;Präteritum: sein, haben, war, hatte;
Er hatte keine Ahnung von dem Plan.;A1.2;Präteritum: sein, haben, war, hatte;
Es war einmal ein König.;A1.2;Präteritum: sein, haben, war, hatte;
Früher hatten die Menschen keine Computer.;A1.2;Präteritum: sein, haben, war, hatte;
Ich muss heute Abend noch eine E-Mail schreiben.;A1.2;Modalverben: müssen, dürfen;
Ich darf während der Arbeit mein privates Handy nicht benutzen.;A1.2;Modalverben: müssen, dürfen;
Wir müssen morgen früh aufstehen.;A1.2;Modalverben: müssen, dürfen;
Ich muss unbedingt mit dir sprechen.;A1.2;Modalverben: müssen, dürfen;
Darf ich Sie etwas fragen?;A1.2;Modalverben: müssen, dürfen;
Musst du am Wochenende arbeiten?;A1.2;Modalverben: müssen, dürfen;
Dürfen wir hier Fotos machen?;A1.2;Modalverben: müssen, dürfen;
Was müssen wir für die Besprechung vorbereiten?;A1.2;Modalverben: müssen, dürfen;
Hier müssen alle Besucher einen Ausweis zeigen.;A1.2;Modalverben: müssen, dürfen;
Man darf im Zug nicht rauchen.;A1.2;Modalverben: müssen, dürfen;
Er muss eine Strafe bezahlen, weil er zu schnell gefahren ist.;A1.2;Modalverben: müssen, dürfen;
Kinder dürfen diesen Film nur in Begleitung von Erwachsenen sehen.;A1.2;Modalverben: müssen, dürfen;
Ich rufe dich später an.;A1.2;Satzklammer;
Wann kommt der Zug in München an?;A1.2;Satzklammer;
Er hat mir seine Hilfe angeboten.;A1.2;Satzklammer;
Sie will am Abend noch einkaufen gehen.;A1.2;Satzklammer;
Wir müssen die neuen Möbel noch aufbauen.;A1.2;Satzklammer;
Er hat vergessen, die Tür abzuschliessen.;A1.2;Satzklammer;
Ich habe vor, am Wochenende aufzuräumen.;A1.2;Satzklammer;
Holst du bitte die Post rein?;A1.2;Satzklammer;
Ich kann die Datei nicht öffnen.;A1.2;Satzklammer;
Sie hat angefangen, ein Buch zu schreiben.;A1.2;Satzklammer;
Ich möchte dich zum Abendessen einladen.;A1.2;Satzklammer;
Er ist gestern nach Berlin umgezogen.;A1.2;Satzklammer;
In diesem Restaurant kann man sehr gut essen.;A1.2;Pronomen: man;
Man sollte jeden Tag Obst und Gemüse essen.;A1.2;Pronomen: man;
Ich finde, man sollte mehr reisen.;A1.2;Pronomen: man;
Man lernt nie aus.;A1.2;Pronomen: man;
Wo kann man hier Tickets kaufen?;A1.2;Pronomen: man;
Wie kommt man von hier zum Bahnhof?;A1.2;Pronomen: man;
Darf man hier parken?;A1.2;Pronomen: man;
Was macht man bei diesem Wetter am besten?;A1.2;Pronomen: man;
In Deutschland trinkt man viel Bier.;A1.2;Pronomen: man;
Man muss die Anweisungen genau befolgen.;A1.2;Pronomen: man;
Wenn man krank ist, sollte man zum Arzt gehen.;A1.2;Pronomen: man;
Man sagt, dass Lachen gesund ist.;A1.2;Pronomen: man;
Gib mir bitte das Buch.;A1.2;Imperativ;
Fahr bitte vorsichtig!;A1.2;Imperativ;
Seien Sie bitte leise.;A1.2;Imperativ;
Hab keine Angst.;A1.2;Imperativ;
Nehmen Sie Platz.;A1.2;Imperativ;
Warte einen Moment auf mich.;A1.2;Imperativ;
Iss dein Gemüse auf.;A1.2;Imperativ;
Schreibt die Sätze bitte an die Tafel.;A1.2;Imperativ;
Helfen Sie mir bitte mit dem Koffer.;A1.2;Imperativ;
Lies den Text laut vor.;A1.2;Imperativ;
Machen Sie bitte die Tür zu.;A1.2;Imperativ;
Seid nicht so laut, die Nachbarn schlafen schon.;A1.2;Imperativ;
Ich helfe dir gerne bei den Hausaufgaben.;A1.2;Verbkonjugation: helfen;
Ich helfe meinem Nachbarn oft im Garten.;A1.2;Verbkonjugation: helfen;
Wir helfen bei der Organisation des Festes.;A1.2;Verbkonjugation: helfen;
Ich habe ihm geholfen, die schwere Tasche zu tragen.;A1.2;Verbkonjugation: helfen;
Hilfst du mir, den Tisch zu decken?;A1.2;Verbkonjugation: helfen;
Wobei kann ich Ihnen helfen?;A1.2;Verbkonjugation: helfen;
Warum hilft ihm niemand?;A1.2;Verbkonjugation: helfen;
Helft ihr uns beim Umzug?;A1.2;Verbkonjugation: helfen;
Ein guter Freund hilft in der Not.;A1.2;Verbkonjugation: helfen;
Die Salbe hilft gegen die Schmerzen.;A1.2;Verbkonjugation: helfen;
Er hilft seiner Schwester bei den Schulaufgaben.;A1.2;Verbkonjugation: helfen;
Dieses Medikament hat mir sehr gut geholfen.;A1.2;Verbkonjugation: helfen;
Unser Auto ist in der Werkstatt.;A1.2;Possessivartikel: dein, sein, ihr, unser;
Ich habe dein Buch auf dem Tisch gefunden.;A1.2;Possessivartikel: dein, sein, ihr, unser;
Ich kenne seinen Bruder sehr gut.;A1.2;Possessivartikel: dein, sein, ihr, unser;
Ich habe ihre Telefonnummer nicht.;A1.2;Possessivartikel: dein, sein, ihr, unser;
Ist das dein Schlüssel?;A1.2;Possessivartikel: dein, sein, ihr, unser;
Wie gefällt dir unsere neue Wohnung?;A1.2;Possessivartikel: dein, sein, ihr, unser;
Wo hat er seinen Regenschirm gelassen?;A1.2;Possessivartikel: dein, sein, ihr, unser;
Was ist ihr Lieblingsessen?;A1.2;Possessivartikel: dein, sein, ihr, unser;
Sein Flug hat eine Stunde Verspätung.;A1.2;Possessivartikel: dein, sein, ihr, unser;
Ihre Kinder gehen in dieselbe Schule wie unsere.;A1.2;Possessivartikel: dein, sein, ihr, unser;
Dein Vorschlag klingt sehr interessant.;A1.2;Possessivartikel: dein, sein, ihr, unser;
Unser Garten braucht dringend Wasser.;A1.2;Possessivartikel: dein, sein, ihr, unser;
Ich soll die Medikamente dreimal am Tag nehmen.;A1.2;Modalverb: sollen;
Der Arzt hat gesagt, ich soll mehr Sport machen.;A1.2;Modalverb: sollen;
Wir sollen unsere Hausaufgaben bis morgen erledigen.;A1.2;Modalverb: sollen;
Ich weiss nicht, was ich jetzt tun soll.;A1.2;Modalverb: sollen;
Soll ich dir einen Tee machen?;A1.2;Modalverb: sollen;
Was soll das bedeuten?;A1.2;Modalverb: sollen;
Wann sollen wir uns treffen?;A1.2;Modalverb: sollen;
Sollen wir am Wochenende etwas zusammen unternehmen?;A1.2;Modalverb: sollen;
Du sollst nicht so frech zu deiner Mutter sein.;A1.2;Modalverb: sollen;
Laut Wetterbericht soll es morgen regnen.;A1.2;Modalverb: sollen;
Man soll den Tag nicht vor dem Abend loben.;A1.2;Modalverb: sollen;
Die Rechnung soll sofort bezahlt werden.;A1.2;Modalverb: sollen;
Ich habe gestern Abend ferngesehen.;A1.2;Satzklammer;
Morgen früh stehe ich um 6 Uhr auf.;A1.2;Satzklammer;
Ich möchte dich gerne zum Essen einladen.;A1.2;Satzklammer;
Wir können uns am Bahnhof treffen.;A1.2;Satzklammer;
Kannst du bitte das Fenster aufmachen?;A1.2;Satzklammer;
Wann fängt der Deutschkurs an?;A1.2;Satzklammer;
Willst du am Samstag mitkommen?;A1.2;Satzklammer;
Hast du die Tür zugemacht?;A1.2;Satzklammer;
Er hat vergessen, seinen Freund anzurufen.;A1.2;Satzklammer;
Sie ist pünktlich am Flughafen angekommen.;A1.2;Satzklammer;
Der Müll muss rausgebracht werden.;A1.2;Satzklammer;
Ich habe aufgehört zu rauchen.;A1.2;Satzklammer;
Ich gehe heute mit meinen Freunden ins Kino.;A1.2;Präposition: mit;
Ich fahre jeden Tag mit dem Fahrrad zur Arbeit.;A1.2;Präposition: mit;
Ich trinke meinen Kaffee am liebsten mit viel Milch.;A1.2;Präposition: mit;
Ich habe gestern lange mit meiner Schwester telefoniert.;A1.2;Präposition: mit;
Mit wem sprichst du gerade?;A1.2;Präposition: mit;
Kommst du mit ins Schwimmbad?;A1.2;Präposition: mit;
Fährst du mit dem Auto oder mit dem Zug?;A1.2;Präposition: mit;
Bist du mit dem Ergebnis zufrieden?;A1.2;Präposition: mit;
Er schreibt mit einem schwarzen Stift.;A1.2;Präposition: mit;
Das ist ein Haus mit einem schönen Garten.;A1.2;Präposition: mit;
Sie bezahlt die Rechnung mit ihrer Kreditkarte.;A1.2;Präposition: mit;
Ein Gespräch mit dem Chef ist notwendig.;A1.2;Präposition: mit;
Ich gehe heute Abend zu Freunden.;A1.2;Lokale Präpositionen: zu, nach, in;
Ich fahre im Sommer nach Italien.;A1.2;Lokale Präpositionen: zu, nach, in;
Ich bin in der Küche und koche.;A1.2;Lokale Präpositionen: zu, nach, in;
Wir müssen heute noch zur Post gehen.;A1.2;Lokale Präpositionen: zu, nach, in;
Gehst du oft ins Fitnessstudio?;A1.2;Lokale Präpositionen: zu, nach, in;
Wann fahrt ihr nach Hause?;A1.2;Lokale Präpositionen: zu, nach, in;
Bist du schon in Deutschland gewesen?;A1.2;Lokale Präpositionen: zu, nach, in;
Zu wem gehört dieses Auto?;A1.2;Lokale Präpositionen: zu, nach, in;
Der Zug fährt nach Berlin.;A1.2;Lokale Präpositionen: zu, nach, in;
Die Kinder gehen in die Schule.;A1.2;Lokale Präpositionen: zu, nach, in;
Er geht jeden Morgen zum Bäcker.;A1.2;Lokale Präpositionen: zu, nach, in;
Sie ist gerade in einer Besprechung.;A1.2;Lokale Präpositionen: zu, nach, in;
Ich arbeite von Montag bis Freitag.;A1.2;Temporale Präpositionen: vor, nach, bei, in, bis, ab;
Ab morgen habe ich Urlaub.;A1.2;Temporale Präpositionen: vor, nach, bei, in, bis, ab;
Nach der Arbeit gehe ich einkaufen.;A1.2;Temporale Präpositionen: vor, nach, bei, in, bis, ab;
Vor dem Schlafen putze ich mir die Zähne.;A1.2;Temporale Präpositionen: vor, nach, bei, in, bis, ab;
Bis wann müssen wir die Aufgabe abgeben?;A1.2;Temporale Präpositionen: vor, nach, bei, in, bis, ab;
Was machst du beim Warten auf den Bus?;A1.2;Temporale Präpositionen: vor, nach, bei, in, bis, ab;
Kommst du in einer Stunde mit?;A1.2;Temporale Präpositionen: vor, nach, bei, in, bis, ab;
Ab wann ist das Geschäft geöffnet?;A1.2;Temporale Präpositionen: vor, nach, bei, in, bis, ab;
Das Museum ist bis 18 Uhr geöffnet.;A1.2;Temporale Präpositionen: vor, nach, bei, in, bis, ab;
Beim Essen soll man nicht sprechen.;A1.2;Temporale Präpositionen: vor, nach, bei, in, bis, ab;
Er kommt in fünf Minuten.;A1.2;Temporale Präpositionen: vor, nach, bei, in, bis, ab;
Nach dem Regen scheint oft die Sonne.;A1.2;Temporale Präpositionen: vor, nach, bei, in, bis, ab;
Ich würde gerne eine Weltreise machen.;A1.2;Konjunktiv II: würde, könnte;
An deiner Stelle würde ich das Angebot annehmen.;A1.2;Konjunktiv II: würde, könnte;
Ich könnte dir morgen beim Umzug helfen.;A1.2;Konjunktiv II: würde, könnte;
Ich würde jetzt am liebsten am Strand liegen.;A1.2;Konjunktiv II: würde, könnte;
Könnten Sie mir bitte sagen, wie spät es ist?;A1.2;Konjunktiv II: würde, könnte;
Würdest du bitte das Fenster schliessen?;A1.2;Konjunktiv II: würde, könnte;
Was würden Sie in meiner Situation tun?;A1.2;Konjunktiv II: würde, könnte;
Könnte es sein, dass wir uns schon einmal getroffen haben?;A1.2;Konjunktiv II: würde, könnte;
Es würde mich sehr freuen, von Ihnen zu hören.;A1.2;Konjunktiv II: würde, könnte;
Das könnte eine gute Lösung sein.;A1.2;Konjunktiv II: würde, könnte;
Er würde gerne besser Englisch sprechen.;A1.2;Konjunktiv II: würde, könnte;
Sie könnte vielleicht im Stau stehen.;A1.2;Konjunktiv II: würde, könnte;
Ich habe heute Morgen verschlafen.;A1.2;Satzklammer;
Sie hat ihre Freundin vom Bahnhof abgeholt.;A1.2;Satzklammer;
Wann hast du vor, zurückzukommen?;A1.2;Satzklammer;
Ich fange jetzt an, das Buch zu lesen.;A1.2;Satzklammer;
Hast du daran gedacht, die Blumen zu giessen?;A1.2;Satzklammer;
Warum hast du den Fernseher angelassen?;A1.2;Satzklammer;
Können Sie bitte das Formular ausfüllen?;A1.2;Satzklammer;
Wollen wir heute Abend zusammen kochen?;A1.2;Satzklammer;
Der Wecker hat um sechs Uhr geklingelt.;A1.2;Satzklammer;
Er hat versucht, das Problem zu lösen.;A1.2;Satzklammer;
Sie ist mit dem Fahrrad zur Arbeit gefahren.;A1.2;Satzklammer;
Ich muss unbedingt noch im Supermarkt einkaufen.;A1.2;Satzklammer;
Ich mache morgens immer das Fenster auf.;A1.2;Verben mit verschiedenen Präfixen: auf-, zumachen; ein-, ausschalten
Abends mache ich das Licht im Wohnzimmer an.;A1.2;Verben mit verschiedenen Präfixen: auf-, zumachen; ein-, ausschalten
Ich schalte den Computer aus, wenn ich gehe.;A1.2;Verben mit verschiedenen Präfixen: auf-, zumachen; ein-, ausschalten
Ich habe vergessen, die Heizung auszuschalten.;A1.2;Verben mit verschiedenen Präfixen: auf-, zumachen; ein-, ausschalten
Machst du bitte die Tür zu?;A1.2;Verben mit verschiedenen Präfixen: auf-, zumachen; ein-, ausschalten
Schaltest du bitte den Fernseher ein?;A1.2;Verben mit verschiedenen Präfixen: auf-, zumachen; ein-, ausschalten
Warum hast du das Radio nicht ausgeschaltet?;A1.2;Verben mit verschiedenen Präfixen: auf-, zumachen; ein-, ausschalten
Kannst du das Fenster im Bad aufmachen?;A1.2;Verben mit verschiedenen Präfixen: auf-, zumachen; ein-, ausschalten
Der Laden macht um 20 Uhr zu.;A1.2;Verben mit verschiedenen Präfixen: auf-, zumachen; ein-, ausschalten
Er hat den Motor ein- und wieder ausgeschaltet.;A1.2;Verben mit verschiedenen Präfixen: auf-, zumachen; ein-, ausschalten
Sie macht die Dose auf, um zu sehen, was drin ist.;A1.2;Verben mit verschiedenen Präfixen: auf-, zumachen; ein-, ausschalten
Das Licht schaltet sich automatisch ein.;A1.2;Verben mit verschiedenen Präfixen: auf-, zumachen; ein-, ausschalten
Ich hätte gerne diesen Salat, bitte.;A1.2;Demonstrativpronomen: der, das, die, dies-;
Dieses Buch habe ich schon gelesen.;A1.2;Demonstrativpronomen: der, das, die, dies-;
Ich finde, das ist keine gute Idee.;A1.2;Demonstrativpronomen: der, das, die, dies-;
Die da drüben kenne ich nicht.;A1.2;Demonstrativpronomen: der, das, die, dies-;
Welches Kleid gefällt dir besser, dieses oder das?;A1.2;Demonstrativpronomen: der, das, die, dies-;
Ist das dein Ernst?;A1.2;Demonstrativpronomen: der, das, die, dies-;
Wer ist der Mann dort?;A1.2;Demonstrativpronomen: der, das, die, dies-;
Sind diese Plätze noch frei?;A1.2;Demonstrativpronomen: der, das, die, dies-;
Dieser Weg führt direkt zum Zentrum.;A1.2;Demonstrativpronomen: der, das, die, dies-;
Das Auto dort gehört meinem Nachbarn.;A1.2;Demonstrativpronomen: der, das, die, dies-;
Die Blumen hier sind für dich.;A1.2;Demonstrativpronomen: der, das, die, dies-;
Mit diesem Gerät kann man alles machen.;A1.2;Demonstrativpronomen: der, das, die, dies-;
Welcher Bus fährt zum Alexanderplatz?;A1.2;Frageartikel: welcher;
Welches Buch liest du im Moment?;A1.2;Frageartikel: welcher;
Welche Musik hörst du gerne?;A1.2;Frageartikel: welcher;
Ich weiss nicht, welchen Film wir sehen sollen.;A1.2;Frageartikel: welcher;
Aus welchem Land kommen Sie?;A1.2;Frageartikel: welcher;
In welcher Strasse wohnen Sie?;A1.2;Frageartikel: welcher;
Mit welchem Zug fährst du?;A1.2;Frageartikel: welcher;
An welchem Tag hast du Geburtstag?;A1.2;Frageartikel: welcher;
Er fragt, welches Gericht am besten schmeckt.;A1.2;Frageartikel: welcher;
Sie überlegt, welches Kleid sie anziehen soll.;A1.2;Frageartikel: welcher;
Es ist unklar, welcher Kandidat gewinnen wird.;A1.2;Frageartikel: welcher;
Die Frage ist, welche Entscheidung die richtige ist.;A1.2;Frageartikel: welcher;
Kannst du mir bitte helfen?;A1.2;Personalpronomen im Dativ: mir, dir;
Ich gebe dir morgen das Buch zurück.;A1.2;Personalpronomen im Dativ: mir, dir;
Mir ist sehr kalt, kannst du das Fenster schliessen?;A1.2;Personalpronomen im Dativ: mir, dir;
Wie geht es dir heute?;A1.2;Personalpronomen im Dativ: mir, dir;
Gefällt dir mein neues Fahrrad?;A1.2;Personalpronomen im Dativ: mir, dir;
Schenkst du mir etwas zum Geburtstag?;A1.2;Personalpronomen im Dativ: mir, dir;
Kann ich dir ein Geheimnis anvertrauen?;A1.2;Personalpronomen im Dativ: mir, dir;
Gehört die Jacke dir?;A1.2;Personalpronomen im Dativ: mir, dir;
Der Kellner bringt mir die Speisekarte.;A1.2;Personalpronomen im Dativ: mir, dir;
Der Arzt hat mir neue Tabletten verschrieben.;A1.2;Personalpronomen im Dativ: mir, dir;
Deine Erklärung hilft mir sehr.;A1.2;Personalpronomen im Dativ: mir, dir;
Er hat dir eine Nachricht geschickt.;A1.2;Personalpronomen im Dativ: mir, dir;
Mir gefällt die blaue Jacke besser.;A1.2;Verben mit Dativ: gefallen, gehören, passen;
Diese Schuhe passen mir leider nicht.;A1.2;Verben mit Dativ: gefallen, gehören, passen;
Ich glaube, dieser Regenschirm gehört mir.;A1.2;Verben mit Dativ: gefallen, gehören, passen;
Deine neue Frisur gefällt mir sehr gut.;A1.2;Verben mit Dativ: gefallen, gehören, passen;
Gefällt Ihnen die Wohnung?;A1.2;Verben mit Dativ: gefallen, gehören, passen;
Wem gehört das Auto vor der Tür?;A1.2;Verben mit Dativ: gefallen, gehören, passen;
Passt Ihnen der Termin am Montag um 10 Uhr?;A1.2;Verben mit Dativ: gefallen, gehören, passen;
Gefallen dir die Bilder an der Wand?;A1.2;Verben mit Dativ: gefallen, gehören, passen;
Das Haus gehört einer sehr netten Familie.;A1.2;Verben mit Dativ: gefallen, gehören, passen;
Der Deckel passt nicht auf diesen Topf.;A1.2;Verben mit Dativ: gefallen, gehören, passen;
Das Ende des Films hat mir nicht gefallen.;A1.2;Verben mit Dativ: gefallen, gehören, passen;
Die Antwort auf die Frage gehört nicht hierher.;A1.2;Verben mit Dativ: gefallen, gehören, passen;
Ich spiele gut Tennis, aber mein Bruder spielt besser.;A1.2;Komparation: gut, gern, viel;
Ich esse viel, aber am meisten esse ich am Wochenende.;A1.2;Komparation: gut, gern, viel;
Ich reise gern, aber am liebsten reise ich nach Italien.;A1.2;Komparation: gut, gern, viel;
Ich finde diesen Film gut, aber der andere war am besten.;A1.2;Komparation: gut, gern, viel;
Was machst du lieber: Sport oder Musik?;A1.2;Komparation: gut, gern, viel;
Wer hat mehr Geld verdient?;A1.2;Komparation: gut, gern, viel;
Welches Restaurant ist besser?;A1.2;Komparation: gut, gern, viel;
Was trinkst du am liebsten zum Frühstück?;A1.2;Komparation: gut, gern, viel;
Er kann viel besser Englisch sprechen als ich.;A1.2;Komparation: gut, gern, viel;
Sie hat die meisten Punkte im Test erreicht.;A1.2;Komparation: gut, gern, viel;
Am besten schmeckt es bei meiner Grossmutter.;A1.2;Komparation: gut, gern, viel;
Freunde sind gut, aber mehr Freunde sind besser.;A1.2;Komparation: gut, gern, viel;
Ich mag den Sommer.;A1.2;Verbkonjugation: mögen;
Ich mag es, wenn Leute pünktlich sind.;A1.2;Verbkonjugation: mögen;
Wir mögen unsere neue Lehrerin sehr.;A1.2;Verbkonjugation: mögen;
Ich mag keine laute Musik am Morgen.;A1.2;Verbkonjugation: mögen;
Magst du Kaffee oder Tee?;A1.2;Verbkonjugation: mögen;
Was magst du an deinem Job am liebsten?;A1.2;Verbkonjugation: mögen;
Mögt ihr es, ins Museum zu gehen?;A1.2;Verbkonjugation: mögen;
Warum mag er mich nicht?;A1.2;Verbkonjugation: mögen;
Er mag es nicht, wenn man ihn beim Lesen stört.;A1.2;Verbkonjugation: mögen;
Sie mag Tiere, besonders Hunde.;A1.2;Verbkonjugation: mögen;
Das Kind mag keinen Spinat.;A1.2;Verbkonjugation: mögen;
Die meisten Menschen mögen Schokolade.;A1.2;Verbkonjugation: mögen;
Ich wohne im dritten Stock.;A1.2;Ordinalzahlen;
Mein Geburtstag ist am vierundzwanzigsten Dezember.;A1.2;Ordinalzahlen;
Das war mein erstes Mal in Deutschland.;A1.2;Ordinalzahlen;
Wir feiern heute unseren fünften Hochzeitstag.;A1.2;Ordinalzahlen;
Der wievielte ist heute?;A1.2;Ordinalzahlen;
In der wievielten Klasse ist dein Sohn?;A1.2;Ordinalzahlen;
Wann war die erste Mondlandung?;A1.2;Ordinalzahlen;
Zum wievielten Mal siehst du diesen Film?;A1.2;Ordinalzahlen;
Er hat das Rennen als Zweiter beendet.;A1.2;Ordinalzahlen;
Jeder vierte Deutsche trinkt gerne Bier.;A1.2;Ordinalzahlen;
Das Büro befindet sich in der neunten Etage.;A1.2;Ordinalzahlen;
Heute ist der erste August.;A1.2;Ordinalzahlen;
Kannst du mich vom Bahnhof abholen?;A1.2;Personalpronomen im Akkusativ: mich, dich;
Ich liebe dich über alles.;A1.2;Personalpronomen im Akkusativ: mich, dich;
Das freut mich sehr für dich.;A1.2;Personalpronomen im Akkusativ: mich, dich;
Ich habe dich gestern in der Stadt gesehen.;A1.2;Personalpronomen im Akkusativ: mich, dich;
Hast du mich gerade gerufen?;A1.2;Personalpronomen im Akkusativ: mich, dich;
Darf ich dich etwas fragen?;A1.2;Personalpronomen im Akkusativ: mich, dich;
Warum schaust du mich so an?;A1.2;Personalpronomen im Akkusativ: mich, dich;
Erinnert er sich an dich?;A1.2;Personalpronomen im Akkusativ: mich, dich;
Der Lehrer hat mich gelobt.;A1.2;Personalpronomen im Akkusativ: mich, dich;
Deine E-Mail hat mich sehr überrascht.;A1.2;Personalpronomen im Akkusativ: mich, dich;
Die laute Musik stört dich nicht?;A1.2;Personalpronomen im Akkusativ: mich, dich;
Alle haben dich gesucht.;A1.2;Personalpronomen im Akkusativ: mich, dich;
Ich gehe heute früh ins Bett, denn ich bin sehr müde.;A1.2;Konjunktion: denn;
Ich kann dir nicht helfen, denn ich habe keine Zeit.;A1.2;Konjunktion: denn;
Ich lerne Deutsch, denn ich will in Berlin arbeiten.;A1.2;Konjunktion: denn;
Ich esse jetzt etwas, denn ich habe grossen Hunger.;A1.2;Konjunktion: denn;
Er nimmt ein Taxi, denn sein Auto ist kaputt.;A1.2;Konjunktion: denn;
Sie bleibt zu Hause, denn das Wetter ist schlecht.;A1.2;Konjunktion: denn;
Wir machen eine Pause, denn wir sind schon lange gewandert.;A1.2;Konjunktion: denn;
Ich trinke einen Tee, denn mir ist kalt.;A1.2;Konjunktion: denn;
Er kann nicht kommen, denn er ist krankgeschrieben.;A1.2;Konjunktion: denn;
Sie ist glücklich, denn sie hat die Prüfung bestanden.;A1.2;Konjunktion: denn;
Man muss sich beeilen, denn der Zug fährt gleich ab.;A1.2;Konjunktion: denn;
Ich kaufe neue Schuhe, denn meine alten sind kaputt.;A1.2;Konjunktion: denn;
Ich werde nächstes Jahr heiraten.;A1.2;Verbkonjugation: werden;
Ich glaube, ich werde krank.;A1.2;Verbkonjugation: werden;
Mein Traum ist es, eines Tages reich zu werden.;A1.2;Verbkonjugation: werden;
Wir werden sehen, was die Zukunft bringt.;A1.2;Verbkonjugation: werden;
Was möchtest du später einmal von Beruf werden?;A1.2;Verbkonjugation: werden;
Wirst du bald mit deiner Arbeit fertig?;A1.2;Verbkonjugation: werden;
Wird es am Wochenende schönes Wetter geben?;A1.2;Verbkonjugation: werden;
Wann werdet ihr in den Urlaub fahren?;A1.2;Verbkonjugation: werden;
Die Tage werden im Winter immer kürzer.;A1.2;Verbkonjugation: werden;
Er wird langsam ungeduldig.;A1.2;Verbkonjugation: werden;
Es wird schon dunkel, wir sollten nach Hause gehen.;A1.2;Verbkonjugation: werden;
Aus den kleinen Kätzchen werden bald grosse Katzen.;A1.2;Verbkonjugation: werden;
Ich lerne Deutsch, weil ich in Deutschland studieren möchte.;A2.1;Konjunktion: weil;
Ich bin heute zu Hause geblieben, weil ich mich nicht gut fühle.;A2.1;Konjunktion: weil;
Ich kaufe dieses Handy, weil es eine gute Kamera hat.;A2.1;Konjunktion: weil;
Wir machen eine Party, weil meine Schwester Geburtstag hat.;A2.1;Konjunktion: weil;
Warum lernst du Spanisch? Weil ich eine Reise nach Südamerika plane.;A2.1;Konjunktion: weil;
Warum kommst du zu spät? Weil der Bus Verspätung hatte.;A2.1;Konjunktion: weil;
Warum isst du kein Fleisch? Weil ich Vegetarier bin.;A2.1;Konjunktion: weil;
Warum suchst du eine neue Wohnung? Weil meine jetzige zu klein ist.;A2.1;Konjunktion: weil;
Das Restaurant ist geschlossen, weil heute Ruhetag ist.;A2.1;Konjunktion: weil;
Er ist sehr glücklich, weil er die Prüfung bestanden hat.;A2.1;Konjunktion: weil;
Sie hat geweint, weil der Film so traurig war.;A2.1;Konjunktion: weil;
Die Strassen sind nass, weil es die ganze Nacht geregnet hat.;A2.1;Konjunktion: weil;
Ich habe gestern meine Freunde angerufen.;A2.1;Perfekt der trennbaren Verben;
Ich bin um 7 Uhr aufgestanden.;A2.1;Perfekt der trennbaren Verben;
Ich habe für das Abendessen eingekauft.;A2.1;Perfekt der trennbaren Verben;
Wir sind am Wochenende spazieren gegangen.;A2.1;Perfekt der trennbaren Verben;
Wann bist du gestern angekommen?;A2.1;Perfekt der trennbaren Verben;
Hast du das Fenster zugemacht?;A2.1;Perfekt der trennbaren Verben;
Habt ihr eure Grosseltern vom Bahnhof abgeholt?;A2.1;Perfekt der trennbaren Verben;
Hast du schon den Fernseher ausgemacht?;A2.1;Perfekt der trennbaren Verben;
Der Zug ist pünktlich abgefahren.;A2.1;Perfekt der trennbaren Verben;
Sie hat ihre Kollegin zum Geburtstag eingeladen.;A2.1;Perfekt der trennbaren Verben;
Der Kurs hat vor einer Woche angefangen.;A2.1;Perfekt der trennbaren Verben;
Er hat den Müll rausgebracht.;A2.1;Perfekt der trennbaren Verben;
Ich habe die E-Mail schon beantwortet.;A2.1;Perfekt der nicht-trennbaren Verben;
Ich habe das Wort im Wörterbuch nicht verstanden.;A2.1;Perfekt der nicht-trennbaren Verben;
Wir haben eine schöne Reise nach Italien unternommen.;A2.1;Perfekt der nicht-trennbaren Verben;
Ich habe mein altes Auto verkauft.;A2.1;Perfekt der nicht-trennbaren Verben;
Was hast du deinen Eltern zum Hochzeitstag geschenkt?;A2.1;Perfekt der nicht-trennbaren Verben;
Hast du die Geschichte schon zu Ende erzählt?;A2.1;Perfekt der nicht-trennbaren Verben;
Warum hast du mir nichts von dem Problem erzählt?;A2.1;Perfekt der nicht-trennbaren Verben;
Hast du deine Sachen schon alle eingepackt?;A2.1;Perfekt der nicht-trennbaren Verben;
Er hat den Brief gestern erhalten.;A2.1;Perfekt der nicht-trennbaren Verben;
Sie hat das Schloss ihres Fahrrads zerstört.;A2.1;Perfekt der nicht-trennbaren Verben;
Der Architekt hat ein modernes Haus entworfen.;A2.1;Perfekt der nicht-trennbaren Verben;
Die Firma hat ein neues Produkt entwickelt.;A2.1;Perfekt der nicht-trennbaren Verben;
Ich habe gestern Abend lange mit meiner Freundin telefoniert.;A2.1;Perfekt der Verben auf -ieren;
Ich habe mein Studium letztes Jahr abgeschlossen.;A2.1;Perfekt der Verben auf -ieren;
Ich habe die Fotos vom Urlaub ausgedruckt.;A2.1;Perfekt der Verben auf -ieren;
Wir haben für das Wochenende ein Hotelzimmer reserviert.;A2.1;Perfekt der Verben auf -ieren;
Hast du die neuen Vokabeln schon repetiert?;A2.1;Perfekt der Verben auf -ieren;
Was hast du am Computer installiert?;A2.1;Perfekt der Verben auf -ieren;
Warum hast du den Tisch noch nicht dekoriert?;A2.1;Perfekt der Verben auf -ieren;
Hast du schon die Pflanzen fotografiert?;A2.1;Perfekt der Verben auf -ieren;
Der Mechaniker hat mein Auto repariert.;A2.1;Perfekt der Verben auf -ieren;
Sie hat die Informationen im Internet recherchiert.;A2.1;Perfekt der Verben auf -ieren;
Das Orchester hat eine wunderschöne Melodie gespielt.;A2.1;Perfekt der Verben auf -ieren;
Der Patient hat auf die Behandlung gut reagiert.;A2.1;Perfekt der Verben auf -ieren;
Ich habe Peters Buch gelesen.;A2.1;Namen im Genitiv;
Das ist Annas Fahrrad.;A2.1;Namen im Genitiv;
Wir gehen heute Abend in Marias Lieblingsrestaurant.;A2.1;Namen im Genitiv;
Ich fahre mit Andreas' Auto zur Arbeit.;A2.1;Namen im Genitiv;
Ist das Herrn Müllers Büro?;A2.1;Namen im Genitiv;
Wo ist eigentlich Thomas' neue Wohnung?;A2.1;Namen im Genitiv;
Kennen Sie Frau Schmidts Mann?;A2.1;Namen im Genitiv;
Wie lautet Inges Adresse?;A2.1;Namen im Genitiv;
Deutschlands Hauptstadt ist Berlin.;A2.1;Namen im Genitiv;
Die Wirtschaft Europas wächst langsam.;A2.1;Namen im Genitiv;
Max' Hund ist sehr verspielt.;A2.1;Namen im Genitiv;
Die Präsentation meines Chefs war sehr überzeugend.;A2.1;Namen im Genitiv;
Ich habe ein Geschenk von meiner Tante bekommen.;A2.1;Präposition: von;
Der Ring ist von meinem Mann.;A2.1;Präposition: von;
Ich komme gerade vom Sport.;A2.1;Präposition: von;
Meiner Meinung nach ist das eine gute Idee von dir.;A2.1;Präposition: von;
Von wem ist dieses Lied?;A2.1;Präposition: von;
Kommst du direkt von der Arbeit?;A2.1;Präposition: von;
Ist das ein Bild von deinem Haus?;A2.1;Präposition: von;
Von welchem Gleis fährt der Zug ab?;A2.1;Präposition: von;
Das ist das Auto von meinem Bruder.;A2.1;Präposition: von;
Der Stuhl ist aus Holz von einem alten Baum.;A2.1;Präposition: von;
Sie hat eine Nachricht von ihrem Freund erhalten.;A2.1;Präposition: von;
Von hier hat man einen tollen Blick auf die Stadt.;A2.1;Präposition: von;
Ich stelle die Tasse auf den Tisch.;A2.1;Wechselpräpositionen;
Die Tasse steht auf dem Tisch.;A2.1;Wechselpräpositionen;
Ich hänge das Bild an die Wand.;A2.1;Wechselpräpositionen;
Das Bild hängt an der Wand.;A2.1;Wechselpräpositionen;
Ich lege den Teppich vor das Sofa.;A2.1;Wechselpräpositionen;
Der Teppich liegt vor dem Sofa.;A2.1;Wechselpräpositionen;
Setz dich bitte neben mich.;A2.1;Wechselpräpositionen;
Er sitzt neben dem Fenster.;A2.1;Wechselpräpositionen;
Wir sind gestern in die Schweiz gefahren.;A2.1;Wechselpräpositionen;
Wir waren gestern in der Schweiz.;A2.1;Wechselpräpositionen;
Der Vogel fliegt über das Haus.;A2.1;Wechselpräpositionen;
Die Lampe hängt über dem Tisch.;A2.1;Wechselpräpositionen;
Ich lege den Stift auf den Tisch.;A2.1;Verben mit Wechselpräpositionen: stellen, stehen, legen, liegen;
Der Stift liegt auf dem Tisch.;A2.1;Verben mit Wechselpräpositionen: stellen, stehen, legen, liegen;
Ich stelle die Flasche in den Kühlschrank.;A2.1;Verben mit Wechselpräpositionen: stellen, stehen, legen, liegen;
Die Flasche steht im Kühlschrank.;A2.1;Verben mit Wechselpräpositionen: stellen, stehen, legen, liegen;
Wohin hast du meine Brille gelegt?;A2.1;Verben mit Wechselpräpositionen: stellen, stehen, legen, liegen;
Wo liegt meine Brille?;A2.1;Verben mit Wechselpräpositionen: stellen, stehen, legen, liegen;
Warum stellst du die schmutzigen Schuhe hierher?;A2.1;Verben mit Wechselpräpositionen: stellen, stehen, legen, liegen;
Warum stehen die schmutzigen Schuhe hier?;A2.1;Verben mit Wechselpräpositionen: stellen, stehen, legen, liegen;
Er legt das Buch ins Regal.;A2.1;Verben mit Wechselpräpositionen: stellen, stehen, legen, liegen;
Das Buch liegt im Regal.;A2.1;Verben mit Wechselpräpositionen: stellen, stehen, legen, liegen;
Sie stellt die Vase auf das Fensterbrett.;A2.1;Verben mit Wechselpräpositionen: stellen, stehen, legen, liegen;
Die Vase steht auf dem Fensterbrett.;A2.1;Verben mit Wechselpräpositionen: stellen, stehen, legen, liegen;
Bitte legen Sie Ihre Jacke hierhin.;A2.1;Direktionaladverbien: hierhin, dahin, dorthin, herein, herauf, herunter;
Ich muss noch zur Post; ich gehe gleich dahin.;A2.1;Direktionaladverbien: hierhin, dahin, dorthin, herein, herauf, herunter
Wir fahren im Urlaub nach Spanien. Ich freue mich schon darauf, dorthin zu reisen.;A2.1;Direktionaladverbien: hierhin, dahin, dorthin, herein, herauf, herunter;
Es ist kalt draussen, komm doch bitte herein.;A2.1;Direktionaladverbien: hierhin, dahin, dorthin, herein, herauf, herunter;
Sollen wir hierhin oder dorthin gehen?;A2.1;Direktionaladverbien: hierhin, dahin, dorthin, herein, herauf, herunter;
Wie komme ich von hier dahin zum Museum?;A2.1;Direktionaladverbien: hierhin, dahin, dorthin, herein, herauf, herunter;
Soll ich heraufkommen oder kommst du herunter?;A2.1;Direktionaladverbien: hierhin, dahin, dorthin, herein, herauf, herunter;
Kommst du mit herein?;A2.1;Direktionaladverbien: hierhin, dahin, dorthin, herein, herauf, herunter;
Der Ball ist den Berg heruntergerollt.;A2.1;Direktionaladverbien: hierhin, dahin, dorthin, herein, herauf, herunter;
Die Katze ist auf den Baum geklettert; sie muss wieder herunterkommen.;A2.1;Direktionaladverbien: hierhin, dahin, dorthin, herein, herauf, herunter
Alle Wege führen nach Rom, aber welcher Weg führt dorthin?;A2.1;Direktionaladverbien: hierhin, dahin, dorthin, herein, herauf, herunter;
Stellen Sie den Stuhl bitte dorthin in die Ecke.;A2.1;Direktionaladverbien: hierhin, dahin, dorthin, herein, herauf, herunter;
Ich glaube, es hat jemand an der Tür geklingelt.;A2.1;Indefinitpronomen im Nominativ und Akkusativ;
Ich habe heute noch nichts gegessen.;A2.1;Indefinitpronomen im Nominativ und Akkusativ;
Ich muss noch jemanden anrufen.;A2.1;Indefinitpronomen im Nominativ und Akkusativ;
Ich kenne hier niemanden.;A2.1;Indefinitpronomen im Nominativ und Akkusativ;
Hat jemand meinen Schlüssel gesehen?;A2.1;Indefinitpronomen im Nominativ und Akkusativ;
Möchtest du etwas trinken?;A2.1;Indefinitpronomen im Nominativ und Akkusativ;
Hast du alles verstanden?;A2.1;Indefinitpronomen im Nominativ und Akkusativ;
Vermissen Sie jemanden?;A2.1;Indefinitpronomen im Nominativ und Akkusativ;
Alle waren mit dem Ergebnis zufrieden.;A2.1;Indefinitpronomen im Nominativ und Akkusativ;
Niemand hat die Frage beantwortet.;A2.1;Indefinitpronomen im Nominativ und Akkusativ;
Manche Leute mögen keinen Kaffee.;A2.1;Indefinitpronomen im Nominativ und Akkusativ;
Man kann nicht alles haben.;A2.1;Indefinitpronomen im Nominativ und Akkusativ;
Wenn ich Zeit habe, besuche ich meine Freunde.;A2.1;Konjunktion: wenn;
Ich bin immer müde, wenn ich zu wenig schlafe.;A2.1;Konjunktion: wenn;
Wenn ich im Lotto gewinne, kaufe ich mir ein Haus.;A2.1;Konjunktion: wenn;
Ich koche gerne, wenn ich Gäste habe.;A2.1;Konjunktion: wenn;
Was machst du, wenn es am Wochenende regnet?;A2.1;Konjunktion: wenn;
Bist du nervös, wenn du eine Präsentation halten musst?;A2.1;Konjunktion: wenn;
Was passiert, wenn man den roten Knopf drückt?;A2.1;Konjunktion: wenn;
Fährst du mit dem Auto, auch wenn der Weg kurz ist?;A2.1;Konjunktion: wenn;
Wenn die Sonne scheint, ist die Laune der meisten Menschen besser.;A2.1;Konjunktion: wenn;
Der Hund bellt immer, wenn der Postbote kommt.;A2.1;Konjunktion: wenn;
Wenn ein Feuer ausbricht, muss man die Feuerwehr rufen.;A2.1;Konjunktion: wenn;
Man sollte einen Arzt aufsuchen, wenn die Schmerzen nicht besser werden.;A2.1;Konjunktion: wenn;
An deiner Stelle sollte ich mehr Pausen machen.;A2.1;Konjunktiv II: sollte;
Du solltest dich wärmer anziehen, es ist kalt draussen.;A2.1;Konjunktiv II: sollte;
Ich glaube, ich sollte mich für den Fehler entschuldigen.;A2.1;Konjunktiv II: sollte;
Wir sollten langsam mal nach Hause gehen.;A2.1;Konjunktiv II: sollte;
Sollte ich dieses Kleid kaufen oder ist es zu teuer?;A2.1;Konjunktiv II: sollte;
Was sollte ich deiner Meinung nach tun?;A2.1;Konjunktiv II: sollte;
Sollten wir für die Reise ein Hotel im Voraus buchen?;A2.1;Konjunktiv II: sollte;
Sollte man das Gerät nach jedem Gebrauch reinigen?;A2.1;Konjunktiv II: sollte;
Er sollte weniger rauchen, das ist ungesund.;A2.1;Konjunktiv II: sollte;
Sie sollte ihre Medikamente regelmässig nehmen.;A2.1;Konjunktiv II: sollte;
Man sollte nicht alles glauben, was im Internet steht.;A2.1;Konjunktiv II: sollte;
Die Regierung sollte mehr für den Umweltschutz tun.;A2.1;Konjunktiv II: sollte;
Ich muss mich mehr bewegen, um fit zu bleiben.;A2.1;Reflexive Verben: sich bewegen, sich ausruhen;
Nach der Arbeit ruhe ich mich gerne auf dem Sofa aus.;A2.1;Reflexive Verben: sich bewegen, sich ausruhen;
Ich habe mich heute nicht viel bewegt.;A2.1;Reflexive Verben: sich bewegen, sich ausruhen;
Wir müssen uns jetzt ausruhen, wir sind schon lange gewandert.;A2.1;Reflexive Verben: sich bewegen, sich ausruhen;
Bewegst du dich genug in deiner Freizeit?;A2.1;Reflexive Verben: sich bewegen, sich ausruhen;
Warum ruhst du dich nicht ein bisschen aus?;A2.1;Reflexive Verben: sich bewegen, sich ausruhen;
Wo kann man sich hier in der Nähe ausruhen?;A2.1;Reflexive Verben: sich bewegen, sich ausruhen;
Bewegt sich der Patient schon wieder?;A2.1;Reflexive Verben: sich bewegen, sich ausruhen;
Auch im Alter ist es wichtig, sich regelmässig zu bewegen.;A2.1;Reflexive Verben: sich bewegen, sich ausruhen;
Nach einem langen Arbeitstag muss man sich ausruhen.;A2.1;Reflexive Verben: sich bewegen, sich ausruhen;
Die Blätter bewegen sich im Wind.;A2.1;Reflexive Verben: sich bewegen, sich ausruhen;
Die Katze ruht sich in der Sonne aus.;A2.1;Reflexive Verben: sich bewegen, sich ausruhen;
Ich warte schon seit einer Stunde auf den Bus.;A2.1;Verben mit Präpositionen: warten auf, sich verabreden mit;
Ich habe mich heute Abend mit Freunden verabredet.;A2.1;Verben mit Präpositionen: warten auf, sich verabreden mit;
Ich warte auf eine wichtige E-Mail von meinem Chef.;A2.1;Verben mit Präpositionen: warten auf, sich verabreden mit;
Wir haben uns für nächste Woche zum Essen verabredet.;A2.1;Verben mit Präpositionen: warten auf, sich verabreden mit;
Auf wen wartest du hier?;A2.1;Verben mit Präpositionen: warten auf, sich verabreden mit;
Mit wem hast du dich für das Wochenende verabredet?;A2.1;Verben mit Präpositionen: warten auf, sich verabreden mit;
Wartest du schon lange auf mich?;A2.1;Verben mit Präpositionen: warten auf, sich verabreden mit;
Hast du dich schon mit dem neuen Kollegen verabredet?;A2.1;Verben mit Präpositionen: warten auf, sich verabreden mit;
Er wartet auf eine Antwort auf seine Bewerbung.;A2.1;Verben mit Präpositionen: warten auf, sich verabreden mit;
Sie hat sich mit ihrem Anwalt verabredet.;A2.1;Verben mit Präpositionen: warten auf, sich verabreden mit;
Die ganze Welt wartet auf eine Lösung für den Konflikt.;A2.1;Verben mit Präpositionen: warten auf, sich verabreden mit;
Die beiden Firmen haben sich zu einer Besprechung verabredet.;A2.1;Verben mit Präpositionen: warten auf, sich verabreden mit;
Worüber ärgerst du dich?;A2.1;Fragewörter und Präpositionaladverbien;
Wofür interessierst du dich?;A2.1;Fragewörter und Präpositionaladverbien;
Worauf wartest du?;A2.1;Fragewörter und Präpositionaladverbien;
Womit fährst du zur Arbeit?;A2.1;Fragewörter und Präpositionaladverbien;
Mit wem hast du telefoniert?;A2.1;Fragewörter und Präpositionaladverbien;
Auf wen freust du dich am meisten?;A2.1;Fragewörter und Präpositionaladverbien;
An wen denkst du gerade?;A2.1;Fragewörter und Präpositionaladverbien;
Über wen sprecht ihr?;A2.1;Fragewörter und Präpositionaladverbien;
Wovon handelt der Film?;A2.1;Fragewörter und Präpositionaladverbien;
Wozu brauchst du so viel Geld?;A2.1;Fragewörter und Präpositionaladverbien;
Wobei kannst du am besten entspannen?;A2.1;Fragewörter und Präpositionaladverbien;
Wogegen bist du allergisch?;A2.1;Fragewörter und Präpositionaladverbien;
Ich konnte gestern nicht zur Party kommen, weil ich arbeiten musste.;A2.1;Präteritum der Modalverben: musste, konnte;
Als Kind musste ich jeden Tag mein Zimmer aufräumen.;A2.1;Präteritum der Modalverben: musste, konnte;
Ich konnte das Problem ohne deine Hilfe nicht lösen.;A2.1;Präteritum der Modalverben: musste, konnte;
Wir mussten den ganzen Weg zu Fuss gehen.;A2.1;Präteritum der Modalverben: musste, konnte;
Musstest du am Wochenende auch arbeiten?;A2.1;Präteritum der Modalverben: musste, konnte;
Konntest du alles verstehen, was er gesagt hat?;A2.1;Präteritum der Modalverben: musste, konnte;
Warum konntet ihr nicht pünktlich sein?;A2.1;Präteritum der Modalverben: musste, konnte;
Was musstest du als Kind machen, was du nicht mochtest?;A2.1;Präteritum der Modalverben: musste, konnte;
Er konnte den Ball nicht fangen.;A2.1;Präteritum der Modalverben: musste, konnte;
Sie musste den Zug nehmen, weil ihr Auto kaputt war.;A2.1;Präteritum der Modalverben: musste, konnte;
Früher konnten die Menschen nicht so schnell reisen.;A2.1;Präteritum der Modalverben: musste, konnte;
Die Prüfung war so schwer, dass viele Studenten sie wiederholen mussten.;A2.1;Präteritum der Modalverben: musste, konnte;
Ich hoffe, dass du bald wieder gesund bist.;A2.1;Konjunktion: dass;
Ich finde es schade, dass du nicht zur Feier kommen kannst.;A2.1;Konjunktion: dass;
Ich bin mir sicher, dass alles gut wird.;A2.1;Konjunktion: dass;
Ich habe gehört, dass du eine neue Stelle hast.;A2.1;Konjunktion: dass;
Glaubst du, dass es morgen regnen wird?;A2.1;Konjunktion: dass;
Ist es wahr, dass die Firma nächstes Jahr umzieht?;A2.1;Konjunktion: dass;
Wussten Sie, dass Herr Meier gekündigt hat?;A2.1;Konjunktion: dass;
Bist du dir sicher, dass du die Tür abgeschlossen hast?;A2.1;Konjunktion: dass;
Es ist wichtig, dass man regelmässig Pausen macht.;A2.1;Konjunktion: dass;
Der Wetterbericht sagt, dass die Temperaturen steigen werden.;A2.1;Konjunktion: dass;
Es ist bekannt, dass Sport gut für die Gesundheit ist.;A2.1;Konjunktion: dass;
Die Lehrerin erklärt, dass die Prüfung nicht schwer sein wird.;A2.1;Konjunktion: dass;
Ich helfe dir gerne bei den Hausaufgaben.;A2.1;Dativ als Objekt;
Der Kellner bringt dem Gast die Rechnung.;A2.1;Dativ als Objekt;
Ich danke Ihnen für Ihre Hilfe.;A2.1;Dativ als Objekt;
Ich habe meinen Eltern ein Geschenk gekauft.;A2.1;Dativ als Objekt;
Gefällt dir mein neues Kleid?;A2.1;Dativ als Objekt;
Kannst du mir bitte das Salz geben?;A2.1;Dativ als Objekt;
Wem gehört dieser Schirm?;A2.1;Dativ als Objekt;
Passt Ihnen der Termin nächste Woche?;A2.1;Dativ als Objekt;
Die neue Frisur steht dir ausgezeichnet.;A2.1;Dativ als Objekt;
Der Arzt verschreibt dem Patienten ein Medikament.;A2.1;Dativ als Objekt;
Er hat seiner Freundin einen Heiratsantrag gemacht.;A2.1;Dativ als Objekt;
Das Auto gehört meinem Nachbarn.;A2.1;Dativ als Objekt;
Ich gebe dem Mann das Buch.;A2.1;Stellung der Objekte;
Ich gebe es dem Mann.;A2.1;Stellung der Objekte;
Ich gebe ihm das Buch.;A2.1;Stellung der Objekte;
Ich gebe es ihm.;A2.1;Stellung der Objekte;
Er schenkt seiner Frau die Blumen.;A2.1;Stellung der Objekte;
Er schenkt sie seiner Frau.;A2.1;Stellung der Objekte;
Er schenkt ihr die Blumen.;A2.1;Stellung der Objekte;
Er schenkt sie ihr.;A2.1;Stellung der Objekte;
Der Lehrer erklärt den Schülern die Regel.;A2.1;Stellung der Objekte;
Der Lehrer erklärt sie den Schülern.;A2.1;Stellung der Objekte;
Der Lehrer erklärt sie ihnen.;A2.1;Stellung der Objekte;
Der Kellner bringt dem Gast den Kaffee.;A2.1;Stellung der Objekte;
Ich fahre mit dem Auto von meinem Bruder.;A2.1;Präposition von + Dativ;
Ich komme gerade vom Zahnarzt.;A2.1;Präposition von + Dativ;
Ich habe ein Buch von einem berühmten Autor gelesen.;A2.1;Präposition von + Dativ;
Ich weiss von nichts.;A2.1;Präposition von + Dativ;
Träumst du nachts von der Arbeit?;A2.1;Präposition von + Dativ;
Von wem hast du das gehört?;A2.1;Präposition von + Dativ;
Erzählst du mir von deinem Urlaub?;A2.1;Präposition von + Dativ;
Hast du eine Nachricht von ihr bekommen?;A2.1;Präposition von + Dativ;
Das ist eine Aufnahme von den Alpen.;A2.1;Präposition von + Dativ;
Er hat sich von seiner Freundin getrennt.;A2.1;Präposition von + Dativ;
Die Katze von unseren Nachbarn ist sehr neugierig.;A2.1;Präposition von + Dativ;
Das Lied ist von einer unbekannten Band.;A2.1;Präposition von + Dativ;
Wenn ich mehr Geld hätte, würde ich eine Weltreise machen.;A2.2;Konjunktiv II: wäre, hätte, würde, könnte;
Ich wäre jetzt lieber am Strand als im Büro.;A2.2;Konjunktiv II: wäre, hätte, würde, könnte;
Ich würde dir gerne helfen, aber ich habe leider keine Zeit.;A2.2;Konjunktiv II: wäre, hätte, würde, könnte;
Ich könnte mir vorstellen, in einem anderen Land zu leben.;A2.2;Konjunktiv II: wäre, hätte, würde, könnte;
Wärst du so freundlich und würdest mir die Tür aufhalten?;A2.2;Konjunktiv II: wäre, hätte, würde, könnte;
Könnten Sie mir bitte sagen, wo der Bahnhof ist?;A2.2;Konjunktiv II: wäre, hätte, würde, könnte;
Was würdest du tun, wenn du einen Tag unsichtbar wärst?;A2.2;Konjunktiv II: wäre, hätte, würde, könnte;
Hättest du einen Moment Zeit für mich?;A2.2;Konjunktiv II: wäre, hätte, würde, könnte;
An deiner Stelle wäre ich vorsichtiger.;A2.2;Konjunktiv II: wäre, hätte, würde, könnte;
Es wäre schön, wenn das Wetter besser wäre.;A2.2;Konjunktiv II: wäre, hätte, würde, könnte;
Ohne Navi hätte er den Weg nie gefunden.;A2.2;Konjunktiv II: wäre, hätte, würde, könnte;
Das könnte eine interessante Erfahrung sein.;A2.2;Konjunktiv II: wäre, hätte, würde, könnte;
Ich war sehr müde, trotzdem bin ich noch ins Fitnessstudio gegangen.;A2.2;Konjunktion: trotzdem;
Ich habe nicht viel Geld, trotzdem leiste ich mir ab und zu etwas Schönes.;A2.2;Konjunktion: trotzdem;
Ich mag meinen Job nicht besonders, trotzdem mache ich ihn gut.;A2.2;Konjunktion: trotzdem;
Mir war kalt, trotzdem habe ich keine Jacke angezogen.;A2.2;Konjunktion: trotzdem;
Das Essen war nicht gut, hast du es trotzdem gegessen?;A2.2;Konjunktion: trotzdem;
Du bist krank, gehst du trotzdem zur Arbeit?;A2.2;Konjunktion: trotzdem;
Der Film hat schlechte Kritiken, wollt ihr ihn trotzdem sehen?;A2.2;Konjunktion: trotzdem;
Es regnet, gehst du trotzdem joggen?;A2.2;Konjunktion: trotzdem;
Die Anweisungen waren kompliziert, trotzdem hat er alles richtig gemacht.;A2.2;Konjunktion: trotzdem;
Sein Flug hatte Verspätung, trotzdem kam er pünktlich zum Meeting.;A2.2;Konjunktion: trotzdem;
Der Weg war lang und steil, trotzdem haben sie den Gipfel erreicht.;A2.2;Konjunktion: trotzdem;
Sie spricht kein Deutsch, trotzdem versucht sie, sich zu verständigen.;A2.2;Konjunktion: trotzdem;
Ich habe einen alten, aber zuverlässigen Computer.;A2.2;Adjektivdeklination indefiniter Artikel;
Ich suche eine kleine, gemütliche Wohnung.;A2.2;Adjektivdeklination indefiniter Artikel;
Ich trinke am Morgen immer einen starken, schwarzen Kaffee.;A2.2;Adjektivdeklination indefiniter Artikel;
Ich habe mir ein schönes, neues Kleid gekauft.;A2.2;Adjektivdeklination indefiniter Artikel;
Möchtest du einen süssen oder einen salzigen Snack?;A2.2;Adjektivdeklination indefiniter Artikel;
Suchen Sie eine billigere oder eine praktischere Lösung?;A2.2;Adjektivdeklination indefiniter Artikel;
Ist das ein deutsches oder ein internationales Unternehmen?;A2.2;Adjektivdeklination indefiniter Artikel;
Gibt es hier einen guten, günstigen Italiener?;A2.2;Adjektivdeklination indefiniter Artikel;
Er ist ein höflicher, junger Mann.;A2.2;Adjektivdeklination indefiniter Artikel;
Das ist eine interessante, aber schwierige Frage.;A2.2;Adjektivdeklination indefiniter Artikel;
Ein starkes Gewitter hat den Baum umgeworfen.;A2.2;Adjektivdeklination indefiniter Artikel;
Sie hat eine sehr angenehme, ruhige Stimme.;A2.2;Adjektivdeklination indefiniter Artikel;
Ich finde, mein neues Handy ist besser als mein altes.;A2.2;Komparation;
Ich reise am liebsten mit dem Zug, das ist am bequemsten.;A2.2;Komparation;
Ich esse gern Pizza, aber Nudeln esse ich noch lieber.;A2.2;Komparation;
Meiner Meinung nach ist Deutsch schwieriger als Englisch.;A2.2;Komparation;
Welcher Weg ist der schnellste zum Bahnhof?;A2.2;Komparation;
Wer ist die älteste Person in deiner Familie?;A2.2;Komparation;
Ist das Leben in der Stadt teurer als auf dem Land?;A2.2;Komparation;
Welches Buch findest du am interessantesten?;A2.2;Komparation;
Der Mount Everest ist der höchste Berg der Welt.;A2.2;Komparation;
Ein Flugzeug ist schneller als ein Zug.;A2.2;Komparation;
Sie ist die fleissigste Mitarbeiterin in der Abteilung.;A2.2;Komparation;
Die Nächte sind im Winter am längsten.;A2.2;Komparation;
Mein Bruder ist genauso alt wie ich.;A2.2;Vergleichspartikel: als, wie;
Ich verdiene mehr als mein Kollege.;A2.2;Vergleichspartikel: als, wie;
Ich spreche nicht so gut Spanisch wie du.;A2.2;Vergleichspartikel: als, wie;
Ich finde das Hotel genauso schön wie auf den Fotos.;A2.2;Vergleichspartikel: als, wie;
Ist dein neuer Job besser als der alte?;A2.2;Vergleichspartikel: als, wie;
Isst du lieber Fleisch als Fisch?;A2.2;Vergleichspartikel: als, wie;
Spricht er so schnell wie ein Muttersprachler?;A2.2;Vergleichspartikel: als, wie;
Ist die Miete in München höher als in Berlin?;A2.2;Vergleichspartikel: als, wie;
Ein Fahrrad ist nicht so schnell wie ein Auto.;A2.2;Vergleichspartikel: als, wie;
Das Wetter heute ist viel besser als gestern.;A2.2;Vergleichspartikel: als, wie;
Diese Torte schmeckt genauso gut, wie sie aussieht.;A2.2;Vergleichspartikel: als, wie;
Die Prüfung war leichter als ich dachte.;A2.2;Vergleichspartikel: als, wie;
Ich fühle mich heute völlig kraftlos.;A2.2;Wortbildung Adjektive: -los;
Mein Versuch, den Kuchen zu backen, war leider erfolglos.;A2.2;Wortbildung Adjektive: -los;
Ich bin sprachlos, das ist eine riesige Überraschung.;A2.2;Wortbildung Adjektive: -los;
Ich suche eine kabellose Maus für meinen Laptop.;A2.2;Wortbildung Adjektive: -los;
Warum bist du so hoffnungslos?;A2.2;Wortbildung Adjektive: -los;
Fühlst du dich manchmal auch so ruhelos?;A2.2;Wortbildung Adjektive: -los;
Ist der Eintritt für arbeitslose Personen kostenlos?;A2.2;Wortbildung Adjektive: -los;
Findest du diese Werbung geschmacklos?;A2.2;Wortbildung Adjektive: -los;
Ein Leben ohne Freunde wäre sinnlos.;A2.2;Wortbildung Adjektive: -los;
Er stand regungslos da und beobachtete die Situation.;A2.2;Wortbildung Adjektive: -los;
Die endlose Diskussion führte zu keinem Ergebnis.;A2.2;Wortbildung Adjektive: -los;
Das neugeborene Baby ist völlig hilflos.;A2.2;Wortbildung Adjektive: -los;
In unserer Firma wird viel Englisch gesprochen.;A2.2;Passiv – Präsens;
Ich werde oft nach dem Weg gefragt, weil ich hier wohne.;A2.2;Passiv – Präsens;
Ich finde es nicht gut, wenn über andere gelästert wird.;A2.2;Passiv – Präsens;
Ich freue mich, wenn ich zur Party eingeladen werde.;A2.2;Passiv – Präsens;
Wann wird das Essen serviert?;A2.2;Passiv – Präsens;
Wird hier Deutsch oder Englisch gesprochen?;A2.2;Passiv – Präsens;
Von wem wird dieses Projekt geleitet?;A2.2;Passiv – Präsens;
Werden die neuen Mitarbeiter gut eingearbeitet?;A2.2;Passiv – Präsens;
Das Museum wird gerade renoviert.;A2.2;Passiv – Präsens;
Der Müll wird jeden Mittwoch abgeholt.;A2.2;Passiv – Präsens;
Dieses Produkt wird in Deutschland hergestellt.;A2.2;Passiv – Präsens;
Hier wird eine neue Brücke gebaut.;A2.2;Passiv – Präsens;
Was für ein Auto fährst du?;A2.2;Frageartikel: was für ein;
Was für eine Musik hörst du gerne in deiner Freizeit?;A2.2;Frageartikel: was für ein;
Was für einen Beruf möchten Sie später einmal ausüben?;A2.2;Frageartikel: was für ein;
Was für einen Film habt ihr gestern im Kino gesehen?;A2.2;Frageartikel: was für ein;
Was für ein schöner Tag heute!;A2.2;Frageartikel: was für ein;
Mit was für einer Kamera hast du diese tollen Fotos gemacht?;A2.2;Frageartikel: was für ein;
Was für ein Buch liest du gerade?;A2.2;Frageartikel: was für ein;
In was für einem Haus wohnen deine Eltern?;A2.2;Frageartikel: was für ein;
Was für eine Überraschung, dich hier zu treffen!;A2.2;Frageartikel: was für ein;
Was für eine Sprache lernt man in diesem Kurs?;A2.2;Frageartikel: was für ein;
Aus was für einem Material ist dieser Tisch gemacht?;A2.2;Frageartikel: was für ein;
Was für eine interessante Geschichte!;A2.2;Frageartikel: was für ein;
Ich habe den neuen Film von meinem Lieblingsregisseur gesehen.;A2.2;Adjektivdeklination definiter Artikel;
Ich mag die entspannte Atmosphäre in diesem Café.;A2.2;Adjektivdeklination definiter Artikel;
Ich suche das rote Kleid, das ich im Schaufenster gesehen habe.;A2.2;Adjektivdeklination definiter Artikel;
Ich finde die kleinen Gassen in der Altstadt wunderschön.;A2.2;Adjektivdeklination definiter Artikel;
Wo ist der nächste Geldautomat?;A2.2;Adjektivdeklination definiter Artikel;
Hast du die wichtige E-Mail schon gelesen?;A2.2;Adjektivdeklination definiter Artikel;
Wie findest du das moderne Gebäude da drüben?;A2.2;Adjektivdeklination definiter Artikel;
Kennen Sie den genauen Weg zum Bahnhof?;A2.2;Adjektivdeklination definiter Artikel;
Der hohe Baum im Garten spendet viel Schatten.;A2.2;Adjektivdeklination definiter Artikel;
Die laute Musik aus der Nachbarwohnung stört mich.;A2.2;Adjektivdeklination definiter Artikel;
Das kleine Kind spielt mit dem bunten Ball.;A2.2;Adjektivdeklination definiter Artikel;
Die steile Strasse führt direkt zum Schloss.;A2.2;Adjektivdeklination definiter Artikel;
Ich brauche eine Bestätigung für meine Anmeldung.;A2.2;Wortbildung Nomen: -ung;
Meiner Meinung nach ist Bildung sehr wichtig.;A2.2;Wortbildung Nomen: -ung;
Ich habe eine Einladung zur Hochzeit meiner besten Freundin bekommen.;A2.2;Wortbildung Nomen: -ung;
Ich suche eine neue Herausforderung in meinem Beruf.;A2.2;Wortbildung Nomen: -ung;
Haben Sie die Bedienungsanleitung gelesen?;A2.2;Wortbildung Nomen: -ung;
Was ist Ihre Erwartung an diesen Kurs?;A2.2;Wortbildung Nomen: -ung;
Gibt es eine einfache Lösung für dieses Problem?;A2.2;Wortbildung Nomen: -ung;
Können Sie mir eine Empfehlung für ein gutes Hotel geben?;A2.2;Wortbildung Nomen: -ung;
Die Regierung plant eine Änderung des Gesetzes.;A2.2;Wortbildung Nomen: -ung;
Die Heizung in meiner Wohnung funktioniert nicht.;A2.2;Wortbildung Nomen: -ung;
Er hat die Prüfung ohne grosse Vorbereitung bestanden.;A2.2;Wortbildung Nomen: -ung;
Die Beziehung zwischen den beiden Ländern ist kompliziert.;A2.2;Wortbildung Nomen: -ung;
Ich finde diese Situation sehr unangenehm.;A2.2;Wortbildung Adjektive: un-;
Ich bin mit der Entscheidung der Geschäftsleitung unzufrieden.;A2.2;Wortbildung Adjektive: un-;
Ich glaube, diese Information ist unwichtig.;A2.2;Wortbildung Adjektive: un-;
Ich finde es unhöflich, wenn man beim Gespräch auf sein Handy schaut.;A2.2;Wortbildung Adjektive: un-;
Warum bist du heute so ungeduldig?;A2.2;Wortbildung Adjektive: un-;
Ist es ungesund, jeden Tag Fast Food zu essen?;A2.2;Wortbildung Adjektive: un-;
Findest du sein Verhalten auch unmöglich?;A2.2;Wortbildung Adjektive: un-;
Ist es unrealistisch, in einem Jahr perfekt Deutsch zu lernen?;A2.2;Wortbildung Adjektive: un-;
Der Film war unglaublich langweilig.;A2.2;Wortbildung Adjektive: un-;
Es ist unwahrscheinlich, dass es morgen schneit.;A2.2;Wortbildung Adjektive: un-;
Sein Zimmer ist immer unordentlich.;A2.2;Wortbildung Adjektive: un-;
Eine ungesunde Ernährung kann zu Krankheiten führen.;A2.2;Wortbildung Adjektive: un-;
Ich fahre jeden Morgen am Stau vorbei bis zur Autobahn.;A2.2;Lokale Präpositionen: aus, von, an, vorbei, bis zu, durch, entlang, gegenüber, über, um … herum;
Wir gehen heute Abend um die Altstadt herum spazieren.;A2.2;Lokale Präpositionen: aus, von, an, vorbei, bis zu, durch, entlang, gegenüber, über, um … herum;
Ich komme gerade aus dem Supermarkt.;A2.2;Lokale Präpositionen: aus, von, an, vorbei, bis zu, durch, entlang, gegenüber, über, um … herum;
Ich gehe den Fluss entlang, bis ich zur Brücke komme.;A2.2;Lokale Präpositionen: aus, von, an, vorbei, bis zu, durch, entlang, gegenüber, über, um … herum;
Fahren Sie durch den Tunnel und dann über die grosse Kreuzung?;A2.2;Lokale Präpositionen: aus, von, an, vorbei, bis zu, durch, entlang, gegenüber, über, um … herum;
Wie komme ich von hier bis zum Rathaus?;A2.2;Lokale Präpositionen: aus, von, an, vorbei, bis zu, durch, entlang, gegenüber, über, um … herum;
Ist die Post gegenüber vom Bahnhof?;A2.2;Lokale Präpositionen: aus, von, an, vorbei, bis zu, durch, entlang, gegenüber, über, um … herum;
Gehen wir an der Kirche vorbei?;A2.2;Lokale Präpositionen: aus, von, an, vorbei, bis zu, durch, entlang, gegenüber, über, um … herum;
Der schnellste Weg führt durch den Park.;A2.2;Lokale Präpositionen: aus, von, an, vorbei, bis zu, durch, entlang, gegenüber, über, um … herum;
Das Flugzeug fliegt über die Wolken.;A2.2;Lokale Präpositionen: aus, von, an, vorbei, bis zu, durch, entlang, gegenüber, über, um … herum;
Die Katze läuft um den Tisch herum.;A2.2;Lokale Präpositionen: aus, von, an, vorbei, bis zu, durch, entlang, gegenüber, über, um … herum;
Er kommt gerade von der Arbeit aus dem Büro.;A2.2;Lokale Präpositionen: aus, von, an, vorbei, bis zu, durch, entlang, gegenüber, über, um … herum;
Ich habe den ganzen Tag gearbeitet, deshalb bin ich jetzt sehr müde.;A2.2;Konjunktion: deshalb;
Mein Auto ist kaputt, deshalb muss ich den Bus nehmen.;A2.2;Konjunktion: deshalb;
Ich möchte fit bleiben, deshalb mache ich regelmässig Sport.;A2.2;Konjunktion: deshalb;
Ich habe schlecht geschlafen, deshalb kann ich mich nicht gut konzentrieren.;A2.2;Konjunktion: deshalb;
Du hast morgen eine wichtige Prüfung, solltest du deshalb nicht lernen?;A2.2;Konjunktion: deshalb;
Es regnet stark, bleiben wir deshalb lieber zu Hause?;A2.2;Konjunktion: deshalb;
Der Wecker hat nicht geklingelt, bist du deshalb zu spät gekommen?;A2.2;Konjunktion: deshalb;
Du willst abnehmen, isst du deshalb keinen Kuchen?;A2.2;Konjunktion: deshalb;
Die Zinsen sind gestiegen, deshalb sind Kredite teurer geworden.;A2.2;Konjunktion: deshalb;
Er hat den Zug verpasst und kam deshalb zu spät zur Konferenz.;A2.2;Konjunktion: deshalb;
Sie hat eine Allergie, deshalb isst sie keine Nüsse.;A2.2;Konjunktion: deshalb;
Viele Geschäfte hatten geschlossen, deshalb waren die Strassen leer.;A2.2;Konjunktion: deshalb;
Ich finde diese App sehr praktisch, sie ist einfach bedienbar.;A2.2;Wortbildung Adjektive: -bar, -ig, -isch;
Ich trinke meinen Kaffee gerne milchig.;A2.2;Wortbildung Adjektive: -bar, -ig, -isch;
Ich finde es egoistisch, wenn man nur an sich selbst denkt.;A2.2;Wortbildung Adjektive: -bar, -ig, -isch;
Ich suche eine bezahlbare Wohnung im Stadtzentrum.;A2.2;Wortbildung Adjektive: -bar, -ig, -isch;
Ist dieses Material waschbar?;A2.2;Wortbildung Adjektive: -bar, -ig, -isch;
Findest du das Wetter heute auch so windig?;A2.2;Wortbildung Adjektive: -bar, -ig, -isch;
Ist es typisch deutsch, pünktlich zu sein?;A2.2;Wortbildung Adjektive: -bar, -ig, -isch;
Warum bist du heute so launisch?;A2.2;Wortbildung Adjektive: -bar, -ig, -isch;
Die Landschaft in dieser Region ist sehr bergig.;A2.2;Wortbildung Adjektive: -bar, -ig, -isch;
Seine Reaktion war absolut panisch.;A2.2;Wortbildung Adjektive: -bar, -ig, -isch;
Die Flasche ist wiederverwendbar.;A2.2;Wortbildung Adjektive: -bar, -ig, -isch;
Das ist eine fantastische Idee!;A2.2;Wortbildung Adjektive: -bar, -ig, -isch;
Ich lege mein Buch auf den Nachttisch.;A2.2;Lokale Präpositionen: an, auf, in;
Ich stelle meine Schuhe an die Tür.;A2.2;Lokale Präpositionen: an, auf, in;
Ich verbringe meinen Urlaub gerne am Meer.;A2.2;Lokale Präpositionen: an, auf, in;
Ich bin in einer Besprechung, ich kann jetzt nicht telefonieren.;A2.2;Lokale Präpositionen: an, auf, in;
Gehen wir heute Abend in ein Restaurant?;A2.2;Lokale Präpositionen: an, auf, in;
Warst du schon einmal auf dem Eiffelturm?;A2.2;Lokale Präpositionen: an, auf, in;
Wo treffen wir uns? An der Bushaltestelle?;A2.2;Lokale Präpositionen: an, auf, in;
Hast du die Schlüssel auf den Tisch gelegt?;A2.2;Lokale Präpositionen: an, auf, in;
Der Supermarkt befindet sich direkt an der Hauptstrasse.;A2.2;Lokale Präpositionen: an, auf, in;
Auf dem Bild ist eine schöne Landschaft zu sehen.;A2.2;Lokale Präpositionen: an, auf, in;
Er hat seine Jacke an den Haken gehängt.;A2.2;Lokale Präpositionen: an, auf, in;
In diesem Buch geht es um eine spannende Geschichte.;A2.2;Lokale Präpositionen: an, auf, in;
Ich trinke am liebsten heissen Kaffee.;A2.2;Adjektivdeklination ohne Artikel;
Ich habe grosses Interesse an moderner Kunst.;A2.2;Adjektivdeklination ohne Artikel;
Ich esse gerne frisches Obst und Gemüse.;A2.2;Adjektivdeklination ohne Artikel;
Ich wünsche dir alles Gute zum Geburtstag.;A2.2;Adjektivdeklination ohne Artikel;
Trinkst du lieber Rot- oder Weisswein?;A2.2;Adjektivdeklination ohne Artikel;
Suchen Sie neue berufliche Herausforderungen?;A2.2;Adjektivdeklination ohne Artikel;
Gibt es hier in der Nähe gute italienische Restaurants?;A2.2;Adjektivdeklination ohne Artikel;
Haben Sie passendes Kleingeld?;A2.2;Adjektivdeklination ohne Artikel;
Gutes Werkzeug ist die halbe Arbeit.;A2.2;Adjektivdeklination ohne Artikel;
Kaltes Wasser erfrischt an heissen Tagen.;A2.2;Adjektivdeklination ohne Artikel;
Starker Wind hat einige Bäume umgeworfen.;A2.2;Adjektivdeklination ohne Artikel;
Frische Luft tut gut.;A2.2;Adjektivdeklination ohne Artikel;
Ich habe über das Wochenende viel geschlafen.;A2.2;Temporale Präpositionen: von … an, über;
Von nächster Woche an habe ich Urlaub.;A2.2;Temporale Präpositionen: von … an, über;
Ich habe ihn über die Feiertage nicht gesehen.;A2.2;Temporale Präpositionen: von … an, über;
Von nun an werde ich jeden Tag Sport machen.;A2.2;Temporale Präpositionen: von … an, über;
Können wir das Gespräch über Mittag fortsetzen?;A2.2;Temporale Präpositionen: von … an, über;
Von wann an ist die neue Regelung gültig?;A2.2;Temporale Präpositionen: von … an, über;
Bleibst du über Nacht?;A2.2;Temporale Präpositionen: von … an, über;
Von diesem Punkt an müssen wir zu Fuss gehen.;A2.2;Temporale Präpositionen: von … an, über;
Die Veranstaltung findet über mehrere Tage statt.;A2.2;Temporale Präpositionen: von … an, über;
Von heute an rauche ich nicht mehr.;A2.2;Temporale Präpositionen: von … an, über;
Über die Jahre hat sich hier viel verändert.;A2.2;Temporale Präpositionen: von … an, über;
Die Bibliothek ist von 9 Uhr an geöffnet.;A2.2;Temporale Präpositionen: von … an, über;
Ich kann nicht ohne meine Brille lesen.;A2.2;Modale Präposition: ohne;
Ich trinke meinen Kaffee ohne Zucker.;A2.2;Modale Präposition: ohne;
Ich bin ohne Regenschirm aus dem Haus gegangen und wurde nass.;A2.2;Modale Präposition: ohne;
Ich fahre nie ohne Sicherheitsgurt.;A2.2;Modale Präposition: ohne;
Gehst du wirklich ohne Jacke nach draussen?;A2.2;Modale Präposition: ohne;
Kann man dieses Gerät auch ohne Anleitung benutzen?;A2.2;Modale Präposition: ohne;
Bist du ohne Frühstück aus dem Haus gegangen?;A2.2;Modale Präposition: ohne;
Kannst du die Aufgabe ohne meine Hilfe lösen?;A2.2;Modale Präposition: ohne;
Ein Leben ohne Musik ist für viele unvorstellbar.;A2.2;Modale Präposition: ohne;
Er hat das Rennen ohne grosse Anstrengung gewonnen.;A2.2;Modale Präposition: ohne;
Sie verliess das Zimmer, ohne ein Wort zu sagen.;A2.2;Modale Präposition: ohne;
Ohne Fleiss kein Preis.;A2.2;Modale Präposition: ohne;
Ich weiss nicht, wann der nächste Bus kommt.;A2.2;Indirekte Fragen mit Fragepronomen;
Ich frage mich, warum er so wütend ist.;A2.2;Indirekte Fragen mit Fragepronomen;
Ich habe vergessen, wo ich meinen Schlüssel hingelegt habe.;A2.2;Indirekte Fragen mit Fragepronomen;
Ich kann dir nicht sagen, wie viel das kostet.;A2.2;Indirekte Fragen mit Fragepronomen;
Können Sie mir sagen, wo die Toilette ist?;A2.2;Indirekte Fragen mit Fragepronomen;
Weisst du, wer dieses Lied singt?;A2.2;Indirekte Fragen mit Fragepronomen;
Kannst du mir erklären, wie dieses Gerät funktioniert?;A2.2;Indirekte Fragen mit Fragepronomen;
Hast du eine Ahnung, was hier passiert ist?;A2.2;Indirekte Fragen mit Fragepronomen;
Er hat nicht gesagt, wohin er geht.;A2.2;Indirekte Fragen mit Fragepronomen;
Es ist unklar, warum der Flug gestrichen wurde.;A2.2;Indirekte Fragen mit Fragepronomen;
Die Polizei untersucht, wer für den Unfall verantwortlich ist.;A2.2;Indirekte Fragen mit Fragepronomen;
Man weiss noch nicht, wann die Bauarbeiten abgeschlossen sein werden.;A2.2;Indirekte Fragen mit Fragepronomen;
Ich weiss nicht, ob ich heute Abend Zeit habe.;A2.2;Indirekte Fragen mit Fragesatz;
Ich bin mir nicht sicher, ob ich die richtige Entscheidung getroffen habe.;A2.2;Indirekte Fragen mit Fragesatz;
Ich frage mich, ob mein Deutsch gut genug ist.;A2.2;Indirekte Fragen mit Fragesatz;
Ich möchte wissen, ob dieses Angebot noch gültig ist.;A2.2;Indirekte Fragen mit Fragesatz;
Können Sie mir sagen, ob dieser Platz noch frei ist?;A2.2;Indirekte Fragen mit Fragesatz;
Weisst du, ob der Supermarkt heute geöffnet hat?;A2.2;Indirekte Fragen mit Fragesatz;
Kannst du mal nachsehen, ob die Post schon da ist?;A2.2;Indirekte Fragen mit Fragesatz;
Hast du ihn gefragt, ob er mit ins Kino kommen möchte?;A2.2;Indirekte Fragen mit Fragesatz;
Es ist fraglich, ob er die Wahrheit sagt.;A2.2;Indirekte Fragen mit Fragesatz;
Der Chef möchte wissen, ob der Bericht schon fertig ist.;A2.2;Indirekte Fragen mit Fragesatz;
Die Frage ist, ob sich die Investition lohnt.;A2.2;Indirekte Fragen mit Fragesatz;
Er hat nicht erwähnt, ob er alleine kommt.;A2.2;Indirekte Fragen mit Fragesatz;
Ich lasse mein Auto in der Werkstatt reparieren.;A2.2;Verb: lassen;
Ich lasse mir am Wochenende die Haare schneiden.;A2.2;Verb: lassen;
Ich lasse mein Handy immer auf dem Tisch liegen, wenn ich arbeite.;A2.2;Verb: lassen;
Lass uns am Wochenende etwas Schönes unternehmen!;A2.2;Verb: lassen;
Lässt du mich bitte kurz durch?;A2.2;Verb: lassen;
Warum lässt du das Licht immer an?;A2.2;Verb: lassen;
Kannst du mich bitte in Ruhe lassen?;A2.2;Verb: lassen;
Lassen Sie Ihre Tasche nicht unbeaufsichtigt.;A2.2;Verb: lassen;
Er lässt seine Kinder lange aufbleiben.;A2.2;Verb: lassen;
Das Schloss lässt sich nicht öffnen.;A2.2;Verb: lassen;
Dieses Problem lässt sich leicht lösen.;A2.2;Verb: lassen;
Sie hat ihren Regenschirm im Zug liegen lassen.;A2.2;Verb: lassen;
Ich hätte gerne ein Brötchen mit Käse.;A2.2;Diminutiv: -chen, -li;
Meine Katze ist noch ein kleines Kätzchen.;A2.2;Diminutiv: -chen, -li;
Ich mache mir am Nachmittag gerne ein Tässchen Tee.;A2.2;Diminutiv: -chen, -li;
Ich schreibe dir eine kurze Nachricht, ein Zetteli.;A2.2;Diminutiv: -chen, -li;
Sollen wir ein Päuschen machen?;A2.2;Diminutiv: -chen, -li;
Isst du gerne Würstchen?;A2.2;Diminutiv: -chen, -li;
Hast du noch ein Plätzchen für mich frei?;A2.2;Diminutiv: -chen, -li;
Magst du ein Stückchen von meinem Kuchen probieren?;A2.2;Diminutiv: -chen, -li;
Das Mädchen spielt mit seinem Hündchen im Garten.;A2.2;Diminutiv: -chen, -li;
Das Häuschen am See ist sehr idyllisch.;A2.2;Diminutiv: -chen, -li;
Der Grossvater erzählt seinem Enkelchen eine Geschichte.;A2.2;Diminutiv: -chen, -li;
Ein Momentchen, bitte, ich bin gleich fertig.;A2.2;Diminutiv: -chen, -li;
Ich tankte gestern mein Auto, bevor ich nach Hause fuhr.;B1.1;Verbkonjugation im Präteritum: tanken, fahren, bringen;
Letztes Jahr fuhr ich mit meiner Familie nach Italien.;B1.1;Verbkonjugation im Präteritum: tanken, fahren, bringen;
Ich brachte die Bücher zurück in die Bibliothek.;B1.1;Verbkonjugation im Präteritum: tanken, fahren, bringen;
Wir brachten unseren Freunden ein Souvenir aus dem Urlaub mit.;B1.1;Verbkonjugation im Präteritum: tanken, fahren, bringen;
Wo tanktest du, als der Tank fast leer war?;B1.1;Verbkonjugation im Präteritum: tanken, fahren, bringen;
Wann fuhren Sie das letzte Mal mit dem Zug?;B1.1;Verbkonjugation im Präteritum: tanken, fahren, bringen;
Brachtest du die Unterlagen mit zur Besprechung?;B1.1;Verbkonjugation im Präteritum: tanken, fahren, bringen;
Wer brachte dich gestern nach der Party nach Hause?;B1.1;Verbkonjugation im Präteritum: tanken, fahren, bringen;
Der LKW-Fahrer fuhr die ganze Nacht hindurch.;B1.1;Verbkonjugation im Präteritum: tanken, fahren, bringen;
Der Postbote brachte heute Morgen ein wichtiges Paket.;B1.1;Verbkonjugation im Präteritum: tanken, fahren, bringen;
Er tankte schnell, da er es eilig hatte.;B1.1;Verbkonjugation im Präteritum: tanken, fahren, bringen;
Sie brachte ihre Kinder jeden Morgen zur Schule.;B1.1;Verbkonjugation im Präteritum: tanken, fahren, bringen;
Als ich ein Kind war, habe ich viel im Freien gespielt.;B1.1;Konjunktion: als;
Ich war sehr aufgeregt, als ich meinen ersten Arbeitstag hatte.;B1.1;Konjunktion: als;
Ich lernte meinen besten Freund kennen, als wir zusammen studierten.;B1.1;Konjunktion: als;
Wir haben uns gefreut, als wir die gute Nachricht hörten.;B1.1;Konjunktion: als;
Was hast du gefühlt, als du die Prüfung bestanden hast?;B1.1;Konjunktion: als;
Warst du zu Hause, als ich gestern angerufen habe?;B1.1;Konjunktion: als;
Wo wohntest du, als du 20 Jahre alt warst?;B1.1;Konjunktion: als;
Erinnerst du dich, wie es war, als du das erste Mal geflogen bist?;B1.1;Konjunktion: als;
Als der Film begann, wurde es im Kino ganz still.;B1.1;Konjunktion: als;
Er verliebte sich sofort, als er sie das erste Mal sah.;B1.1;Konjunktion: als;
Sie schlief ein, als sie im Zug sass.;B1.1;Konjunktion: als;
Das Gewitter brach los, als sie gerade auf dem Heimweg waren.;B1.1;Konjunktion: als;
Nachdem ich gefrühstückt hatte, putzte ich mir die Zähne.;B1.1;Plusquamperfekt;
Ich konnte das Dokument nicht senden, weil ich es nicht gespeichert hatte.;B1.1;Plusquamperfekt;
Wir waren schon losgefahren, als mein Handy klingelte.;B1.1;Plusquamperfekt;
Ich hatte die Adresse aufgeschrieben, damit ich sie nicht vergesse.;B1.1;Plusquamperfekt;
Hattest du das Fenster geschlossen, bevor du das Haus verlassen hast?;B1.1;Plusquamperfekt;
War der Patient schon operiert worden, als die Angehörigen kamen?;B1.1;Plusquamperfekt;
Hatte er schon einmal von diesem Thema gehört?;B1.1;Plusquamperfekt;
Waren Sie bereits umgezogen, als Sie die neue Stelle antraten?;B1.1;Plusquamperfekt;
Der Zug war schon abgefahren, als er am Bahnhof ankam.;B1.1;Plusquamperfekt;
Sie fand die Brille wieder, die sie am Vortag verloren hatte.;B1.1;Plusquamperfekt;
Er konnte die Prüfung bestehen, weil er gut gelernt hatte.;B1.1;Plusquamperfekt;
Nachdem sie die Ausbildung beendet hatte, fand sie schnell eine gute Stelle.;B1.1;Plusquamperfekt;
Ich bin zur Arbeit gegangen, obwohl ich mich nicht gut fühlte.;B1.1;Konjunktion: obwohl;
Ich habe den Kuchen gegessen, obwohl ich eigentlich auf Diät bin.;B1.1;Konjunktion: obwohl;
Wir haben die Wanderung gemacht, obwohl das Wetter schlecht war.;B1.1;Konjunktion: obwohl;
Ich glaube ihm nicht, obwohl er sagt, dass er die Wahrheit spricht.;B1.1;Konjunktion: obwohl;
Warum bist du so lange aufgeblieben, obwohl du früh aufstehen musst?;B1.1;Konjunktion: obwohl;
Hast du den Film zu Ende gesehen, obwohl er langweilig war?;B1.1;Konjunktion: obwohl;
Kaufst du das Auto, obwohl es so teuer ist?;B1.1;Konjunktion: obwohl;
Warum vertraust du ihr, obwohl sie dich angelogen hat?;B1.1;Konjunktion: obwohl;
Er kam zu spät zum Termin, obwohl er pünktlich losgefahren war.;B1.1;Konjunktion: obwohl;
Sie trug nur ein T-Shirt, obwohl es draussen kalt war.;B1.1;Konjunktion: obwohl;
Das Team hat das Spiel verloren, obwohl es besser gespielt hat.;B1.1;Konjunktion: obwohl;
Er hat die Stelle nicht bekommen, obwohl er sehr qualifiziert war.;B1.1;Konjunktion: obwohl;
Ich war nach dem langen Tag völlig erschöpft.;B1.1;Gradpartikeln: völlig, ziemlich;
Ich finde seine Reaktion völlig übertrieben.;B1.1;Gradpartikeln: völlig, ziemlich;
Ich bin ziemlich sicher, dass ich die Tür abgeschlossen habe.;B1.1;Gradpartikeln: völlig, ziemlich;
Meiner Meinung nach ist dieser Plan ziemlich riskant.;B1.1;Gradpartikeln: völlig, ziemlich;
Findest du nicht auch, dass das völlig unglaublich ist?;B1.1;Gradpartikeln: völlig, ziemlich;
War die Prüfung ziemlich schwer?;B1.1;Gradpartikeln: völlig, ziemlich;
Ist es völlig ausgeschlossen, dass wir eine andere Lösung finden?;B1.1;Gradpartikeln: völlig, ziemlich;
Bist du dir ziemlich sicher bei deiner Entscheidung?;B1.1;Gradpartikeln: völlig, ziemlich;
Die Wohnung war in einem völlig desolaten Zustand.;B1.1;Gradpartikeln: völlig, ziemlich;
Das Wetter im Urlaub war ziemlich enttäuschend.;B1.1;Gradpartikeln: völlig, ziemlich;
Seine Argumentation ist völlig unlogisch.;B1.1;Gradpartikeln: völlig, ziemlich;
Der neue Kollege ist ziemlich schüchtern.;B1.1;Gradpartikeln: völlig, ziemlich;
Ich kenne den Mann, der dort an der Ecke steht.;B1.1;Relativpronomen: der, das, die;
Ich habe das Buch gelesen, das du mir empfohlen hast.;B1.1;Relativpronomen: der, das, die;
Ich suche die Schlüssel, die ich vorhin auf den Tisch gelegt habe.;B1.1;Relativpronomen: der, das, die;
Wir haben die Freunde besucht, die wir im Urlaub kennengelernt haben.;B1.1;Relativpronomen: der, das, die;
Ist das der Kuchen, der so gut schmeckt?;B1.1;Relativpronomen: der, das, die;
Wo ist das Paket, das heute Morgen geliefert wurde?;B1.1;Relativpronomen: der, das, die;
Sind das die Blumen, die du zum Geburtstag bekommen hast?;B1.1;Relativpronomen: der, das, die;
Wie heisst die Firma, die dich interviewt hat?;B1.1;Relativpronomen: der, das, die;
Der Hund, der den ganzen Tag bellt, gehört den Nachbarn.;B1.1;Relativpronomen: der, das, die;
Das Auto, das vor dem Haus parkt, hat einen platten Reifen.;B1.1;Relativpronomen: der, das, die;
Die Frau, die neben mir sitzt, liest ein spannendes Buch.;B1.1;Relativpronomen: der, das, die;
Die Schuhe, die ich gestern gekauft habe, sind sehr bequem.;B1.1;Relativpronomen: der, das, die;
Ich suche eine Wohnung, die nicht zu teuer ist.;B1.1;Relativsatz;
Ich habe einen Kollegen, auf den ich mich immer verlassen kann.;B1.1;Relativsatz;
Ich erinnere mich gerne an die Zeit, in der ich im Ausland gelebt habe.;B1.1;Relativsatz;
Das ist ein Thema, über das ich nicht gerne spreche.;B1.1;Relativsatz;
Gibt es einen Grund, warum du so wütend bist?;B1.1;Relativsatz;
Ist das der Stuhl, dessen Lehne kaputt ist?;B1.1;Relativsatz;
Wie heisst der Film, von dem alle reden?;B1.1;Relativsatz;
Kennen Sie ein Restaurant, in dem man gut vegetarisch essen kann?;B1.1;Relativsatz;
Das ist der Moment, auf den wir alle gewartet haben.;B1.1;Relativsatz;
Die Stadt, in der ich geboren wurde, ist sehr klein.;B1.1;Relativsatz;
Der Baum, unter dem wir sassen, war sehr alt.;B1.1;Relativsatz;
Das ist das Hotel, dessen Pool wir benutzen durften.;B1.1;Relativsatz;
Die Rechnung muss bis Ende des Monats bezahlt werden.;B1.1;Passiv Präsens mit Modalverben;
Ich finde, die Fenster sollten dringend geputzt werden.;B1.1;Passiv Präsens mit Modalverben;
Ich denke, dieses Problem kann nicht so einfach gelöst werden.;B1.1;Passiv Präsens mit Modalverben;
Ich weiss, dass die Ergebnisse bald bekannt gegeben werden sollen.;B1.1;Passiv Präsens mit Modalverben;
Darf hier geraucht werden?;B1.1;Passiv Präsens mit Modalverben;
Bis wann muss der Antrag eingereicht werden?;B1.1;Passiv Präsens mit Modalverben;
Kann der Termin noch verschoben werden?;B1.1;Passiv Präsens mit Modalverben;
Sollte die Öffentlichkeit über diese Risiken informiert werden?;B1.1;Passiv Präsens mit Modalverben;
Der defekte Aufzug kann zurzeit nicht benutzt werden.;B1.1;Passiv Präsens mit Modalverben;
Die Daten müssen absolut vertraulich behandelt werden.;B1.1;Passiv Präsens mit Modalverben;
Nicht alle Fragen konnten beantwortet werden.;B1.1;Passiv Präsens mit Modalverben;
Die Medikamente dürfen nicht ohne Rezept verkauft werden.;B1.1;Passiv Präsens mit Modalverben;
Ich habe den Schlüssel des Autos auf den Tisch gelegt.;B1.1;Genitiv mit definiten und indefiniten Artikeln;
Die Meinung eines Experten ist mir in dieser Sache wichtig.;B1.1;Genitiv mit definiten und indefiniten Artikeln;
Ich bewundere die Architektur des neuen Museums.;B1.1;Genitiv mit definiten und indefiniten Artikeln;
Ich habe die Hilfe eines Freundes in Anspruch genommen.;B1.1;Genitiv mit definiten und indefiniten Artikeln;
Kennen Sie den Namen des Geschäftsführers?;B1.1;Genitiv mit definiten und indefiniten Artikeln;
Was ist der Titel des Buches, das du liest?;B1.1;Genitiv mit definiten und indefiniten Artikeln;
Ist das die Lösung eines alten Problems?;B1.1;Genitiv mit definiten und indefiniten Artikeln;
Wie hoch ist der Preis eines guten Fahrrads?;B1.1;Genitiv mit definiten und indefiniten Artikeln;
Das Dach des Hauses ist undicht.;B1.1;Genitiv mit definiten und indefiniten Artikeln;
Der Beginn einer neuen Ära wurde eingeläutet.;B1.1;Genitiv mit definiten und indefiniten Artikeln;
Die Blätter des Baumes im Garten sind schon gelb.;B1.1;Genitiv mit definiten und indefiniten Artikeln;
Der Erfolg des Projekts hängt von vielen Faktoren ab.;B1.1;Genitiv mit definiten und indefiniten Artikeln;
Wenn ich du wäre, würde ich mich für den Fehler entschuldigen.;B1.1;Konjunktiv II Irreale Bedingungen mit wenn;
Wenn ich mehr Geld hätte, würde ich weniger arbeiten.;B1.1;Konjunktiv II Irreale Bedingungen mit wenn;
Ich würde dir helfen, wenn ich Zeit hätte.;B1.1;Konjunktiv II Irreale Bedingungen mit wenn;
Wenn wir ein grösseres Auto hätten, könnten wir alle zusammen fahren.;B1.1;Konjunktiv II Irreale Bedingungen mit wenn;
Was würdest du tun, wenn du im Lotto gewinnen würdest?;B1.1;Konjunktiv II Irreale Bedingungen mit wenn;
Würdest du umziehen, wenn du einen Job in einer anderen Stadt finden würdest?;B1.1;Konjunktiv II Irreale Bedingungen mit wenn;
Was würdest du ändern, wenn du der Chef wärst?;B1.1;Konjunktiv II Irreale Bedingungen mit wenn;
Würdest du das Buch kaufen, wenn es nicht so teuer wäre?;B1.1;Konjunktiv II Irreale Bedingungen mit wenn;
Wenn das Wetter besser wäre, würden wir eine Fahrradtour machen.;B1.1;Konjunktiv II Irreale Bedingungen mit wenn;
Er würde pünktlicher sein, wenn er früher aufstehen würde.;B1.1;Konjunktiv II Irreale Bedingungen mit wenn;
Wenn die Prüfung einfacher wäre, hätten mehr Studenten bestanden.;B1.1;Konjunktiv II Irreale Bedingungen mit wenn;
Sie wäre glücklicher, wenn sie einen anderen Job hätte.;B1.1;Konjunktiv II Irreale Bedingungen mit wenn;
Wegen des starken Regens wurde das Fussballspiel abgesagt.;B1.1;Präposition: wegen + Genitiv;
Ich konnte wegen des Lärms nicht schlafen.;B1.1;Präposition: wegen + Genitiv;
Ich rufe wegen unseres Termins am Freitag an.;B1.1;Präposition: wegen + Genitiv;
Wir mussten wegen des Staus einen Umweg fahren.;B1.1;Präposition: wegen + Genitiv;
Hat der Flug wegen des schlechten Wetters Verspätung?;B1.1;Präposition: wegen + Genitiv;
Musstet ihr das Projekt wegen fehlender Finanzierung stoppen?;B1.1;Präposition: wegen + Genitiv;
Ist die Strasse wegen eines Unfalls gesperrt?;B1.1;Präposition: wegen + Genitiv;
Haben Sie wegen dieser Angelegenheit schon mit einem Anwalt gesprochen?;B1.1;Präposition: wegen + Genitiv;
Wegen der Bauarbeiten ist die Bibliothek geschlossen.;B1.1;Präposition: wegen + Genitiv;
Er wurde wegen seines grossen Engagements befördert.;B1.1;Präposition: wegen + Genitiv;
Der Park ist wegen einer Veranstaltung heute nicht zugänglich.;B1.1;Präposition: wegen + Genitiv;
Sie konnte wegen ihrer Krankheit nicht an der Reise teilnehmen.;B1.1;Präposition: wegen + Genitiv;
Ich habe vor, am Wochenende Sport zu treiben.;B1.1;Infinitiv mit zu;
Ich versuche, pünktlich zu sein.;B1.1;Infinitiv mit zu;
Ich habe vergessen, die Rechnung zu bezahlen.;B1.1;Infinitiv mit zu;
Es macht mir Spass, neue Kulturen kennenzulernen.;B1.1;Infinitiv mit zu;
Hast du Lust, heute Abend etwas essen zu gehen?;B1.1;Infinitiv mit zu;
Ist es schwer, eine neue Sprache zu lernen?;B1.1;Infinitiv mit zu;
Wann hast du Zeit, mir zu helfen?;B1.1;Infinitiv mit zu;
Hast du daran gedacht, die Blumen zu giessen?;B1.1;Infinitiv mit zu;
Es ist wichtig, die Meinung anderer zu respektieren.;B1.1;Infinitiv mit zu;
Er hat versprochen, das Rauchen aufzugeben.;B1.1;Infinitiv mit zu;
Sie plant, nach dem Studium eine Weltreise zu machen.;B1.1;Infinitiv mit zu;
Es ist verboten, im Gebäude zu fotografieren.;B1.1;Infinitiv mit zu;
Während des Unterrichts soll man nicht mit dem Handy spielen.;B1.1;Temporale Präpositionen: während, ausserhalb, innerhalb + Genitiv;
Ich muss die Aufgabe innerhalb einer Woche erledigen.;B1.1;Temporale Präpositionen: während, ausserhalb, innerhalb + Genitiv;
Ich habe während der Reise viele interessante Leute getroffen.;B1.1;Temporale Präpositionen: während, ausserhalb, innerhalb + Genitiv;
Ich bin ausserhalb der Geschäftszeiten telefonisch nicht erreichbar.;B1.1;Temporale Präpositionen: während, ausserhalb, innerhalb + Genitiv;
Darf man während der Vorstellung essen?;B1.1;Temporale Präpositionen: während, ausserhalb, innerhalb + Genitiv;
Müssen wir innerhalb oder ausserhalb des Gebäudes warten?;B1.1;Temporale Präpositionen: während, ausserhalb, innerhalb + Genitiv;
Was ist während meiner Abwesenheit passiert?;B1.1;Temporale Präpositionen: während, ausserhalb, innerhalb + Genitiv;
Kann die Ware innerhalb von 24 Stunden geliefert werden?;B1.1;Temporale Präpositionen: während, ausserhalb, innerhalb + Genitiv;
Während des Sommers ist das Schwimmbad täglich geöffnet.;B1.1;Temporale Präpositionen: während, ausserhalb, innerhalb + Genitiv;
Ausserhalb der Saison sind die Hotels viel günstiger.;B1.1;Temporale Präpositionen: während, ausserhalb, innerhalb + Genitiv;
Innerhalb eines Jahres hat sich hier viel verändert.;B1.1;Temporale Präpositionen: während, ausserhalb, innerhalb + Genitiv;
Während des Fluges gab es starke Turbulenzen.;B1.1;Temporale Präpositionen: während, ausserhalb, innerhalb + Genitiv;
Es freut mich, dass du kommen konntest.;B1.1;Verben und Ausdrücke mit es;
Ich finde es wichtig, ehrlich zu sein.;B1.1;Verben und Ausdrücke mit es;
Es tut mir leid, aber ich kann Ihnen nicht helfen.;B1.1;Verben und Ausdrücke mit es;
Ich habe es eilig.;B1.1;Verben und Ausdrücke mit es;
Wie geht es Ihnen?;B1.1;Verben und Ausdrücke mit es;
Gibt es eine Möglichkeit, den Termin zu verschieben?;B1.1;Verben und Ausdrücke mit es;
Worum geht es in diesem Projekt?;B1.1;Verben und Ausdrücke mit es;
Wie spät ist es?;B1.1;Verben und Ausdrücke mit es;
Es regnet seit Stunden.;B1.1;Verben und Ausdrücke mit es;
Es ist schade, dass der Urlaub schon vorbei ist.;B1.1;Verben und Ausdrücke mit es;
Es handelt sich hierbei um ein Missverständnis.;B1.1;Verben und Ausdrücke mit es;
In diesem Text geht es um die globale Erwärmung.;B1.1;Verben und Ausdrücke mit es;
Ich lerne Deutsch, um bessere Berufschancen zu haben.;B1.1;Konjunktionen: um … zu + Infinitiv, damit;
Ich schreibe die Adresse auf, damit ich sie nicht vergesse.;B1.1;Konjunktionen: um … zu + Infinitiv, damit;
Ich mache Sport, um fit zu bleiben.;B1.1;Konjunktionen: um … zu + Infinitiv, damit;
Ich wiederhole die Frage langsam, damit alle sie verstehen.;B1.1;Konjunktionen: um … zu + Infinitiv, damit;
Wofür brauchst du das Geld? Um eine Reise zu machen?;B1.1;Konjunktionen: um … zu + Infinitiv, damit;
Soll ich dir helfen, damit du schneller fertig wirst?;B1.1;Konjunktionen: um … zu + Infinitiv, damit;
Warum machst du eine Diät? Um abzunehmen?;B1.1;Konjunktionen: um … zu + Infinitiv, damit;
Sollen wir die Heizung anmachen, damit es wärmer wird?;B1.1;Konjunktionen: um … zu + Infinitiv, damit;
Er braucht eine Brille, um besser lesen zu können.;B1.1;Konjunktionen: um … zu + Infinitiv, damit;
Sie schliesst das Fenster, damit kein Lärm hereinkommt.;B1.1;Konjunktionen: um … zu + Infinitiv, damit;
Man muss viel üben, um ein Instrument gut spielen zu können.;B1.1;Konjunktionen: um … zu + Infinitiv, damit;
Der Lehrer erklärt die Regel noch einmal, damit jeder Schüler sie versteht.;B1.1;Konjunktionen: um … zu + Infinitiv, damit;
Ich bin gegangen, ohne ein Wort zu sagen.;B1.1;Konjunktion: statt/ohne … zu + Infinitiv;
Ich nehme lieber die Treppe, statt den Aufzug zu benutzen.;B1.1;Konjunktion: statt/ohne … zu + Infinitiv;
Ich habe die Prüfung bestanden, ohne viel zu lernen.;B1.1;Konjunktion: statt/ohne … zu + Infinitiv;
Ich lese ein Buch, statt fernzusehen.;B1.1;Konjunktion: statt/ohne … zu + Infinitiv;
Kannst du das Problem lösen, ohne jemanden um Hilfe zu bitten?;B1.1;Konjunktion: statt/ohne … zu + Infinitiv;
Warum reparierst du das nicht selbst, statt einen Handwerker zu rufen?;B1.1;Konjunktion: statt/ohne … zu + Infinitiv;
Bist du wirklich gereist, ohne eine Kamera mitzunehmen?;B1.1;Konjunktion: statt/ohne … zu + Infinitiv;
Sollen wir nicht lieber spazieren gehen, statt zu Hause zu bleiben?;B1.1;Konjunktion: statt/ohne … zu + Infinitiv;
Er verliess die Party, ohne sich zu verabschieden.;B1.1;Konjunktion: statt/ohne … zu + Infinitiv;
Sie fährt mit dem Fahrrad zur Arbeit, statt mit dem Auto zu fahren.;B1.1;Konjunktion: statt/ohne … zu + Infinitiv;
Er hat den Vertrag unterschrieben, ohne ihn genau durchzulesen.;B1.1;Konjunktion: statt/ohne … zu + Infinitiv;
Statt sich zu beschweren, sollte man nach einer Lösung suchen.;B1.1;Konjunktion: statt/ohne … zu + Infinitiv;
Ich mag nicht nur den Sommer, sondern auch den Winter.;B1.1;Zweiteilige Konjunktionen: nicht nur … sondern auch, zwar … aber, entweder … oder;
Die Reise war zwar anstrengend, aber auch sehr interessant.;B1.1;Zweiteilige Konjunktionen: nicht nur … sondern auch, zwar … aber, entweder … oder;
Am Wochenende werde ich entweder meine Freunde besuchen oder zu Hause entspannen.;B1.1;Zweiteilige Konjunktionen: nicht nur … sondern auch, zwar … aber, entweder … oder;
Ich möchte nicht nur mein Englisch verbessern, sondern auch Spanisch lernen.;B1.1;Zweiteilige Konjunktionen: nicht nur … sondern auch, zwar … aber, entweder … oder;
Möchtest du entweder Tee oder Kaffee?;B1.1;Zweiteilige Konjunktionen: nicht nur … sondern auch, zwar … aber, entweder … oder;
War der Film zwar lang, aber trotzdem spannend?;B1.1;Zweiteilige Konjunktionen: nicht nur … sondern auch, zwar … aber, entweder … oder;
Lernst du nicht nur Vokabeln, sondern auch Grammatik?;B1.1;Zweiteilige Konjunktionen: nicht nur … sondern auch, zwar … aber, entweder … oder;
Nehmen wir entweder den Bus oder die U-Bahn?;B1.1;Zweiteilige Konjunktionen: nicht nur … sondern auch, zwar … aber, entweder … oder;
Er ist nicht nur ein talentierter Musiker, sondern auch ein begabter Maler.;B1.1;Zweiteilige Konjunktionen: nicht nur … sondern auch, zwar … aber, entweder … oder;
Das Auto ist zwar alt, aber es fährt noch sehr gut.;B1.1;Zweiteilige Konjunktionen: nicht nur … sondern auch, zwar … aber, entweder … oder;
Man kann entweder bar oder mit Karte bezahlen.;B1.1;Zweiteilige Konjunktionen: nicht nur … sondern auch, zwar … aber, entweder … oder;
Dieses Restaurant bietet nicht nur leckeres Essen, sondern auch eine tolle Atmosphäre.;B1.1;Zweiteilige Konjunktionen: nicht nur … sondern auch, zwar … aber, entweder … oder;
Ich hätte dich angerufen, wenn ich deine Nummer gehabt hätte.;B1.1;Konjunktiv II Vergangenheit;
Ich wäre pünktlich gewesen, wenn der Bus keine Verspätung gehabt hätte.;B1.1;Konjunktiv II Vergangenheit;
Wir hätten die Wanderung gemacht, wenn das Wetter besser gewesen wäre.;B1.1;Konjunktiv II Vergangenheit;
Wenn ich mehr gelernt hätte, hätte ich die Prüfung bestanden.;B1.1;Konjunktiv II Vergangenheit;
Was hättest du gemacht, wenn du an meiner Stelle gewesen wärst?;B1.1;Konjunktiv II Vergangenheit;
Wärst du mitgekommen, wenn ich dich gefragt hätte?;B1.1;Konjunktiv II Vergangenheit;
Hättet ihr das Haus gekauft, wenn es billiger gewesen wäre?;B1.1;Konjunktiv II Vergangenheit;
Was wäre passiert, wenn die Polizei nicht so schnell gekommen wäre?;B1.1;Konjunktiv II Vergangenheit;
Er hätte den Zug erreicht, wenn er fünf Minuten früher losgegangen wäre.;B1.1;Konjunktiv II Vergangenheit;
Sie hätte den Job bekommen, wenn sie mehr Erfahrung gehabt hätte.;B1.1;Konjunktiv II Vergangenheit;
Wenn wir davon gewusst hätten, hätten wir anders reagiert.;B1.1;Konjunktiv II Vergangenheit;
Das Experiment wäre gelungen, wenn sie sorgfältiger gearbeitet hätten.;B1.1;Konjunktiv II Vergangenheit;
Wenn ich doch nur mehr Zeit gehabt hätte!;B1.1;Konjunktiv II Vergangenheit: Irreale Wünsche;
Ich wünschte, ich wäre nicht so müde gewesen.;B1.1;Konjunktiv II Vergangenheit: Irreale Wünsche;
Ach, wenn ich das doch früher gewusst hätte!;B1.1;Konjunktiv II Vergangenheit: Irreale Wünsche;
Ich wünschte, ich hätte im Urlaub besseres Wetter gehabt.;B1.1;Konjunktiv II Vergangenheit: Irreale Wünsche;
Wäre ich doch nur zu Hause geblieben!;B1.1;Konjunktiv II Vergangenheit: Irreale Wünsche;
Hättest du dir nicht auch gewünscht, du hättest das Konzert gesehen?;B1.1;Konjunktiv II Vergangenheit: Irreale Wünsche;
Wäre es nicht schöner gewesen, wenn wir alle zusammen gefeiert hätten?;B1.1;Konjunktiv II Vergangenheit: Irreale Wünsche;
Wenn sie doch nur die Wahrheit gesagt hätte!;B1.1;Konjunktiv II Vergangenheit: Irreale Wünsche;
Hätte er doch nur auf meinen Rat gehört!;B1.1;Konjunktiv II Vergangenheit: Irreale Wünsche;
Ach, wenn der Sommer doch nie zu Ende gegangen wäre!;B1.1;Konjunktiv II Vergangenheit: Irreale Wünsche;
Ich wünschte, wir hätten uns nicht gestritten.;B1.1;Konjunktiv II Vergangenheit: Irreale Wünsche;
Wenn die Zeit doch nur langsamer vergangen wäre!;B1.1;Konjunktiv II Vergangenheit: Irreale Wünsche;
Trotz des Regens sind wir spazieren gegangen.;B1.1;Präposition: trotz + Genitiv;
Ich bin zur Arbeit gegangen, trotz meiner starken Kopfschmerzen.;B1.1;Präposition: trotz + Genitiv;
Ich habe ihm geholfen, trotz unserer Meinungsverschiedenheiten.;B1.1;Präposition: trotz + Genitiv;
Wir haben die Reise genossen, trotz einiger kleiner Probleme.;B1.1;Präposition: trotz + Genitiv;
Bist du wirklich geschwommen, trotz der Kälte des Wassers?;B1.1;Präposition: trotz + Genitiv;
Hat er die Prüfung bestanden, trotz seiner mangelnden Vorbereitung?;B1.1;Präposition: trotz + Genitiv;
Warum hast du weitergemacht, trotz der vielen Hindernisse?;B1.1;Präposition: trotz + Genitiv;
Glaubst du ihm, trotz der Tatsache, dass er schon einmal gelogen hat?;B1.1;Präposition: trotz + Genitiv;
Er erreichte das Ziel trotz seiner schweren Verletzung.;B1.1;Präposition: trotz + Genitiv;
Trotz der späten Stunde war die Stadt noch voller Leben.;B1.1;Präposition: trotz + Genitiv;
Das Unternehmen war erfolgreich, trotz der starken Konkurrenz.;B1.1;Präposition: trotz + Genitiv;
Sie behielt ihre optimistische Haltung trotz aller Rückschläge.;B1.1;Präposition: trotz + Genitiv;
Ich nehme einen Regenschirm mit, falls es regnet.;B1.2;Konjunktion: falls;
Falls ich Zeit habe, rufe ich dich später an.;B1.2;Konjunktion: falls;
Ich habe immer etwas Bargeld dabei, falls ich es brauche.;B1.2;Konjunktion: falls;
Falls mein Wecker nicht klingelt, habe ich einen zweiten gestellt.;B1.2;Konjunktion: falls;
Was machst du, falls du den Zug verpasst?;B1.2;Konjunktion: falls;
Wen rufst du an, falls du Hilfe brauchst?;B1.2;Konjunktion: falls;
Haben Sie einen Notfallplan, falls die Technik versagt?;B1.2;Konjunktion: falls;
Was sollen wir tun, falls der Strom ausfällt?;B1.2;Konjunktion: falls;
Falls die Temperatur unter null Grad fällt, müssen die Pflanzen geschützt werden.;B1.2;Konjunktion: falls;
Der Alarm wird ausgelöst, falls jemand die Tür ohne Schlüssel öffnet.;B1.2;Konjunktion: falls;
Das System speichert automatisch eine Sicherungskopie, falls ein Fehler auftritt.;B1.2;Konjunktion: falls;
Falls der Druck im Kessel zu hoch wird, öffnet sich ein Sicherheitsventil.;B1.2;Konjunktion: falls;
Je mehr ich lerne, desto mehr verstehe ich.;B1.2;Zweiteilige Konjunktion: je … desto/umso;
Je länger ich darüber nachdenke, umso unsicherer werde ich.;B1.2;Zweiteilige Konjunktion: je … desto/umso;
Ich finde, je früher man aufsteht, desto mehr schafft man am Tag.;B1.2;Zweiteilige Konjunktion: je … desto/umso;
Je öfter ich dieses Lied höre, desto besser gefällt es mir.;B1.2;Zweiteilige Konjunktion: je … desto/umso;
Je mehr man verdient, desto glücklicher ist man?;B1.2;Zweiteilige Konjunktion: je … desto/umso;
Je älter man wird, umso weiser wird man wirklich?;B1.2;Zweiteilige Konjunktion: je … desto/umso;
Je lauter die Musik, desto besser die Party?;B1.2;Zweiteilige Konjunktion: je … desto/umso;
Je weiter man reist, desto mehr lernt man über sich selbst?;B1.2;Zweiteilige Konjunktion: je … desto/umso;
Je höher der Berg, desto dünner wird die Luft.;B1.2;Zweiteilige Konjunktion: je … desto/umso;
Je schneller ein Auto fährt, umso länger ist der Bremsweg.;B1.2;Zweiteilige Konjunktion: je … desto/umso;
Je mehr Leute an einem Projekt arbeiten, desto komplexer wird die Kommunikation.;B1.2;Zweiteilige Konjunktion: je … desto/umso;
Je komplizierter die Aufgabe ist, desto sorgfältiger muss man planen.;B1.2;Zweiteilige Konjunktion: je … desto/umso;
Das ist das Thema, über das ich am meisten nachdenke.;B1.2;Relativsatz mit Präposition;
Ich habe eine Freundin, auf die ich mich immer verlassen kann.;B1.2;Relativsatz mit Präposition;
Das ist der Stift, mit dem ich am liebsten schreibe.;B1.2;Relativsatz mit Präposition;
Ich erinnere mich gerne an die Zeit, in der ich sehr glücklich war.;B1.2;Relativsatz mit Präposition;
Wie heisst der Film, von dem du mir erzählt hast?;B1.2;Relativsatz mit Präposition;
Kennen Sie ein Restaurant, in dem man gut essen kann?;B1.2;Relativsatz mit Präposition;
Wer ist die Person, für die du das Geschenk gekauft hast?;B1.2;Relativsatz mit Präposition;
Was ist der Grund, aus dem Sie gekündigt haben?;B1.2;Relativsatz mit Präposition;
Das ist das Haus, in dem der berühmte Schriftsteller gewohnt hat.;B1.2;Relativsatz mit Präposition;
Die Brücke, über die wir gerade fahren, wurde letztes Jahr gebaut.;B1.2;Relativsatz mit Präposition;
Das ist die Firma, bei der mein Bruder arbeitet.;B1.2;Relativsatz mit Präposition;
Der Computer, mit dem der Fehler entdeckt wurde, wird nun untersucht.;B1.2;Relativsatz mit Präposition;
Ich habe etwas Neues gelernt.;B1.2;Adjektiv als Nomen;
Ich wünsche dir alles Gute zum Geburtstag.;B1.2;Adjektiv als Nomen;
Für mich ist das Wichtigste im Leben die Gesundheit.;B1.2;Adjektiv als Nomen;
Ich habe einen Bekannten getroffen, den ich lange nicht gesehen habe.;B1.2;Adjektiv als Nomen;
Gibt es hier etwas Interessantes zu sehen?;B1.2;Adjektiv als Nomen;
Hast du etwas Wichtiges zu erledigen?;B1.2;Adjektiv als Nomen;
Wer ist der Neue in Ihrer Abteilung?;B1.2;Adjektiv als Nomen;
Was ist das Beste an Ihrem Job?;B1.2;Adjektiv als Nomen;
Der Beamte hat den Antrag geprüft.;B1.2;Adjektiv als Nomen;
Die Reisende fragte nach dem Weg.;B1.2;Adjektiv als Nomen;
Das Schöne an dieser Stadt ist die Architektur.;B1.2;Adjektiv als Nomen;
Ein Blinder kann die Welt nicht mit den Augen sehen.;B1.2;Adjektiv als Nomen;
Ich habe heute mit einem Kollegen aus der Marketingabteilung gesprochen.;B1.2;n-Deklination;
Ich kenne den Namen des neuen Praktikanten noch nicht.;B1.2;n-Deklination;
Ich habe einen Brief an den Präsidenten des Vereins geschrieben.;B1.2;n-Deklination;
Ich bewundere diesen Künstler für seine Kreativität.;B1.2;n-Deklination;
Kennen Sie den Herrn, der dort drüben steht?;B1.2;n-Deklination;
Haben Sie schon mit dem Zeugen gesprochen?;B1.2;n-Deklination;
Wie ist der Name des Pianisten, der gestern gespielt hat?;B1.2;n-Deklination;
Was halten Sie von dem Vorschlag des neuen Studenten?;B1.2;n-Deklination;
Der Polizist befragte den einzigen Zeugen des Unfalls.;B1.2;n-Deklination;
Der Biologe beobachtet das Verhalten der Affen.;B1.2;n-Deklination;
Der Diplomat verhandelte mit dem Präsidenten.;B1.2;n-Deklination;
Der Name des jungen Architekten ist in der Fachwelt bekannt.;B1.2;n-Deklination;
Ich höre oft Musik, während ich arbeite.;B1.2;Konjunktionen: während, bevor, nachdem;
Bevor ich eine wichtige Entscheidung treffe, schlafe ich eine Nacht darüber.;B1.2;Konjunktionen: während, bevor, nachdem;
Nachdem ich geduscht habe, fühle ich mich immer besser.;B1.2;Konjunktionen: während, bevor, nachdem;
Ich putze immer die Küche, nachdem ich gekocht habe.;B1.2;Konjunktionen: während, bevor, nachdem;
Was machst du, während du auf den Bus wartest?;B1.2;Konjunktionen: während, bevor, nachdem;
Überlegen Sie gut, bevor Sie etwas kaufen?;B1.2;Konjunktionen: während, bevor, nachdem;
Wen rufen Sie an, nachdem Sie eine gute Nachricht erhalten haben?;B1.2;Konjunktionen: während, bevor, nachdem;
Was trinken Sie, bevor Sie ins Bett gehen?;B1.2;Konjunktionen: während, bevor, nachdem;
Während der Konferenz wurden viele interessante Themen diskutiert.;B1.2;Konjunktionen: während, bevor, nachdem;
Bevor das Flugzeug startet, müssen alle Passagiere angeschnallt sein.;B1.2;Konjunktionen: während, bevor, nachdem;
Nachdem der Regen aufgehört hatte, kam die Sonne wieder zum Vorschein.;B1.2;Konjunktionen: während, bevor, nachdem;
Er liest die Zeitung, während seine Frau frühstückt.;B1.2;Konjunktionen: während, bevor, nachdem;
Ich fühle mich, als ob ich eine Erkältung bekommen würde.;B1.2;Konjunktionen: als ob, wie wenn;
Manchmal tue ich so, als ob ich alles verstehen würde.;B1.2;Konjunktionen: als ob, wie wenn;
Ich habe so viel gegessen, ich fühle mich, wie wenn ich platzen würde.;B1.2;Konjunktionen: als ob, wie wenn;
Ich tue so, als ob es mir egal wäre, aber das stimmt nicht.;B1.2;Konjunktionen: als ob, wie wenn;
Warum schaust du mich an, als ob du mich nicht kennen würdest?;B1.2;Konjunktionen: als ob, wie wenn;
Fühlt es sich für dich auch so an, wie wenn die Zeit stillstehen würde?;B1.2;Konjunktionen: als ob, wie wenn;
Tust du manchmal so, als ob du beschäftigt wärst?;B1.2;Konjunktionen: als ob, wie wenn;
Siehst du nicht, dass er dich ansieht, wie wenn er etwas sagen wollte?;B1.2;Konjunktionen: als ob, wie wenn;
Er redet, als ob er der Experte für alles wäre.;B1.2;Konjunktionen: als ob, wie wenn;
Sie sieht aus, als ob sie die ganze Nacht nicht geschlafen hätte.;B1.2;Konjunktionen: als ob, wie wenn;
Der Himmel ist so dunkel, wie wenn es gleich ein Gewitter gäbe.;B1.2;Konjunktionen: als ob, wie wenn;
Das Kind schrie, als ob es grosse Schmerzen hätte.;B1.2;Konjunktionen: als ob, wie wenn;
Ich mag sowohl klassische Musik als auch modernen Pop.;B1.2;Zweiteilige Konjunktion: sowohl … als auch;
Ich spreche sowohl Englisch als auch ein bisschen Französisch.;B1.2;Zweiteilige Konjunktion: sowohl … als auch;
Ich interessiere mich sowohl für Geschichte als auch für Politik.;B1.2;Zweiteilige Konjunktion: sowohl … als auch;
Für meinen Urlaub packe ich sowohl Sommerkleidung als auch eine Regenjacke ein.;B1.2;Zweiteilige Konjunktion: sowohl … als auch;
Mögen Sie sowohl Hunde als auch Katzen?;B1.2;Zweiteilige Konjunktion: sowohl … als auch;
Können Sie sowohl am Vormittag als auch am Nachmittag kommen?;B1.2;Zweiteilige Konjunktion: sowohl … als auch;
Bietet das Restaurant sowohl vegetarische als auch vegane Gerichte an?;B1.2;Zweiteilige Konjunktion: sowohl … als auch;
Sind sowohl der Chef als auch die Sekretärin im Büro?;B1.2;Zweiteilige Konjunktion: sowohl … als auch;
Die neue Software ist sowohl für Anfänger als auch für Profis geeignet.;B1.2;Zweiteilige Konjunktion: sowohl … als auch;
Das Museum hat sowohl eine Dauerausstellung als auch wechselnde Sonderausstellungen.;B1.2;Zweiteilige Konjunktion: sowohl … als auch;
Das Projekt erfordert sowohl technisches Wissen als auch kreative Ideen.;B1.2;Zweiteilige Konjunktion: sowohl … als auch;
Sowohl der Präsident als auch die Kanzlerin nahmen an der Konferenz teil.;B1.2;Zweiteilige Konjunktion: sowohl … als auch;
Ich habe heute weder Zeit noch Lust, einkaufen zu gehen.;B1.2;Zweiteilige Konjunktion: weder … noch;
Ich esse weder Fisch noch Fleisch.;B1.2;Zweiteilige Konjunktion: weder … noch;
Ich konnte ihn weder telefonisch noch per E-Mail erreichen.;B1.2;Zweiteilige Konjunktion: weder … noch;
Ich habe am Wochenende weder ferngesehen noch ein Buch gelesen.;B1.2;Zweiteilige Konjunktion: weder … noch;
Haben Sie weder Hunger noch Durst?;B1.2;Zweiteilige Konjunktion: weder … noch;
Gefällt Ihnen weder das blaue noch das rote Kleid?;B1.2;Zweiteilige Konjunktion: weder … noch;
Sprechen Sie weder Spanisch noch Italienisch?;B1.2;Zweiteilige Konjunktion: weder … noch;
Möchten Sie weder ins Kino noch ins Theater gehen?;B1.2;Zweiteilige Konjunktion: weder … noch;
Er hat auf meine Frage weder geantwortet noch reagiert.;B1.2;Zweiteilige Konjunktion: weder … noch;
Am Tatort wurden weder Fingerabdrücke noch andere Spuren gefunden.;B1.2;Zweiteilige Konjunktion: weder … noch;
Der Angeklagte zeigte weder Reue noch Verständnis.;B1.2;Zweiteilige Konjunktion: weder … noch;
Die neue Regelung betrifft weder Studenten noch Rentner.;B1.2;Zweiteilige Konjunktion: weder … noch;
Ich möchte alles wissen, was du über dieses Thema weisst.;B1.2;Relativsatz mit wo und was;
Das ist genau das, was ich mir vorgestellt habe.;B1.2;Relativsatz mit wo und was;
Ich erinnere mich gerne an den Ort, wo wir uns das erste Mal getroffen haben.;B1.2;Relativsatz mit wo und was;
Ich zeige dir die Stadt, wo ich aufgewachsen bin.;B1.2;Relativsatz mit wo und was;
Können Sie mir das erklären, was Sie nicht verstanden haben?;B1.2;Relativsatz mit wo und was;
Gibt es etwas, was Sie besonders interessiert?;B1.2;Relativsatz mit wo und was;
Kennen Sie ein gutes Restaurant, wo man draussen sitzen kann?;B1.2;Relativsatz mit wo und was;
Wo ist der Ordner, wo die Rechnungen abgelegt sind?;B1.2;Relativsatz mit wo und was;
Berlin ist die Stadt, wo die deutsche Regierung ihren Sitz hat.;B1.2;Relativsatz mit wo und was;
Alles, was er sagte, war gelogen.;B1.2;Relativsatz mit wo und was;
Das Beste, was man tun kann, ist, ehrlich zu sein.;B1.2;Relativsatz mit wo und was;
Das ist das Café, wo wir immer unseren Kaffee trinken.;B1.2;Relativsatz mit wo und was;
Ich finde das Geräusch von fliessendem Wasser sehr beruhigend.;B1.2;Partizip Präsens als Adjektiv;
Ich suche eine passende Antwort auf diese schwierige Frage.;B1.2;Partizip Präsens als Adjektiv;
Ich habe eine überraschende Nachricht erhalten.;B1.2;Partizip Präsens als Adjektiv;
Ich finde seine lachenden Augen sehr sympathisch.;B1.2;Partizip Präsens als Adjektiv;
Kennen Sie den amtierenden Bürgermeister?;B1.2;Partizip Präsens als Adjektiv;
Gibt es eine funktionierende Lösung für das Problem?;B1.2;Partizip Präsens als Adjektiv;
Ist das eine ausreichende Begründung?;B1.2;Partizip Präsens als Adjektiv;
Welche weiterführenden Schulen gibt es in dieser Stadt?;B1.2;Partizip Präsens als Adjektiv;
Der bellende Hund weckte die ganze Nachbarschaft.;B1.2;Partizip Präsens als Adjektiv;
Ein schlafendes Kind sollte man nicht wecken.;B1.2;Partizip Präsens als Adjektiv;
Kochendes Wasser kann gefährliche Verbrennungen verursachen.;B1.2;Partizip Präsens als Adjektiv;
Die aufgehende Sonne tauchte die Landschaft in ein warmes Licht.;B1.2;Partizip Präsens als Adjektiv;
Ich werde Sie morgen anrufen.;B1.2;Futur I;
Ich werde nächstes Jahr versuchen, mehr Sport zu treiben.;B1.2;Futur I;
Ich denke, ich werde mir ein neues Auto kaufen.;B1.2;Futur I;
Wir werden am Wochenende wahrscheinlich meine Eltern besuchen.;B1.2;Futur I;
Werden Sie zur Party kommen?;B1.2;Futur I;
Was werden Sie nach dem Studium machen?;B1.2;Futur I;
Wird es am Sonntag regnen?;B1.2;Futur I;
Wann werden wir uns wiedersehen?;B1.2;Futur I;
Der Zug wird in wenigen Minuten in den Bahnhof einfahren.;B1.2;Futur I;
In Zukunft werden viele Aufgaben von Robotern übernommen werden.;B1.2;Futur I;
Die Temperaturen werden in den nächsten Tagen weiter ansteigen.;B1.2;Futur I;
Die Konferenz wird im Konferenzsaal im ersten Stock stattfinden.;B1.2;Futur I;
Da ich müde bin, gehe ich heute früh ins Bett.;B1.2;Konjunktion: da;
Ich kann Ihnen helfen, da ich gerade Zeit habe.;B1.2;Konjunktion: da;
Ich nehme den Bus, da mein Auto in der Werkstatt ist.;B1.2;Konjunktion: da;
Ich habe gut gelernt, da ich die Prüfung bestehen will.;B1.2;Konjunktion: da;
Kommen Sie später, da Sie noch etwas erledigen müssen?;B1.2;Konjunktion: da;
Können wir das Fenster schliessen, da es draussen kalt wird?;B1.2;Konjunktion: da;
Bleiben wir heute zu Hause, da das Wetter so schlecht ist?;B1.2;Konjunktion: da;
Brauchen Sie Hilfe, da die Aufgabe sehr schwierig aussieht?;B1.2;Konjunktion: da;
Da die Nachfrage sehr hoch ist, werden die Preise steigen.;B1.2;Konjunktion: da;
Die Veranstaltung wurde abgesagt, da zu wenige Anmeldungen eingegangen sind.;B1.2;Konjunktion: da;
Er wurde befördert, da er sehr gute Arbeit geleistet hat.;B1.2;Konjunktion: da;
Da die Strasse gesperrt ist, muss eine Umleitung gefahren werden.;B1.2;Konjunktion: da;
Seit ich in dieser Stadt wohne, fühle ich mich viel wohler.;B1.2;Konjunktion: seit/seitdem;
Ich habe ihn nicht mehr gesehen, seitdem er umgezogen ist.;B1.2;Konjunktion: seit/seitdem;
Seitdem ich Yoga mache, bin ich viel entspannter.;B1.2;Konjunktion: seit/seitdem;
Ich rauche nicht mehr, seit ich krank war.;B1.2;Konjunktion: seit/seitdem;
Wie geht es Ihnen, seit Sie den neuen Job angefangen haben?;B1.2;Konjunktion: seit/seitdem;
Haben Sie etwas von ihr gehört, seitdem sie im Ausland ist?;B1.2;Konjunktion: seit/seitdem;
Fühlen Sie sich besser, seit Sie die Medikamente nehmen?;B1.2;Konjunktion: seit/seitdem;
Hat sich viel verändert, seitdem Sie weg waren?;B1.2;Konjunktion: seit/seitdem;
Seitdem das neue Gesetz in Kraft getreten ist, gibt es viele Diskussionen.;B1.2;Konjunktion: seit/seitdem;
Die Kriminalitätsrate ist gesunken, seit mehr Polizei auf den Strassen ist.;B1.2;Konjunktion: seit/seitdem;
Er ist viel glücklicher, seit er seine neue Partnerin kennengelernt hat.;B1.2;Konjunktion: seit/seitdem;
Seitdem die Fabrik geschlossen wurde, haben viele Menschen ihre Arbeit verloren.;B1.2;Konjunktion: seit/seitdem;
Ich warte hier, bis du fertig bist.;B1.2;Konjunktion: bis;
Ich arbeite heute, bis ich alle meine Aufgaben erledigt habe.;B1.2;Konjunktion: bis;
Ich habe so lange gelesen, bis mir die Augen zugefallen sind.;B1.2;Konjunktion: bis;
Wir können uns unterhalten, bis der Film anfängt.;B1.2;Konjunktion: bis;
Wie lange müssen Sie noch arbeiten, bis Sie Feierabend haben?;B1.2;Konjunktion: bis;
Warten wir, bis der Regen aufhört?;B1.2;Konjunktion: bis;
Müssen Sie sparen, bis Sie sich das Auto leisten können?;B1.2;Konjunktion: bis;
Wie lange dauert es, bis das Essen fertig ist?;B1.2;Konjunktion: bis;
Man muss die Suppe rühren, bis sie cremig wird.;B1.2;Konjunktion: bis;
Die Verhandlungen dauerten, bis beide Seiten eine Einigung erzielten.;B1.2;Konjunktion: bis;
Der Patient muss im Krankenhaus bleiben, bis er wieder ganz gesund ist.;B1.2;Konjunktion: bis;
Er wiederholte die Übung, bis er sie fehlerfrei konnte.;B1.2;Konjunktion: bis;
Ich spare Geld, indem ich weniger auswärts esse.;B1.2;Konjunktion: indem;
Ich lerne neue Vokabeln am besten, indem ich sie mehrmals aufschreibe.;B1.2;Konjunktion: indem;
Ich versuche, mich zu entspannen, indem ich tief durchatme.;B1.2;Konjunktion: indem;
Ich halte mich fit, indem ich regelmässig joggen gehe.;B1.2;Konjunktion: indem;
Wie kann man eine Sprache schnell lernen? Indem man sie täglich spricht?;B1.2;Konjunktion: indem;
Wie haben Sie das Problem gelöst? Indem Sie eine neue Software installiert haben?;B1.2;Konjunktion: indem;
Wie kann man Stress reduzieren? Indem man Sport treibt?;B1.2;Konjunktion: indem;
Wie kann man die Umwelt schützen? Indem man zum Beispiel Müll trennt.;B1.2;Konjunktion: indem;
Man kann das Gerät einschalten, indem man den roten Knopf drückt.;B1.2;Konjunktion: indem;
Der Dieb gelangte ins Haus, indem er ein Fenster einschlug.;B1.2;Konjunktion: indem;
Er verbesserte seine Noten, indem er jeden Tag eine Stunde lernte.;B1.2;Konjunktion: indem;
Man kann das Risiko minimieren, indem man die Sicherheitsvorschriften beachtet.;B1.2;Konjunktion: indem;
Ich bin aus dem Haus gegangen, ohne zu frühstücken.;B1.2;Konjunktionen: ohne dass/ohne zu;
Ich habe die Entscheidung getroffen, ohne dass ich mit jemandem darüber gesprochen habe.;B1.2;Konjunktionen: ohne dass/ohne zu;
Ich kann dieses Lied nicht hören, ohne an dich zu denken.;B1.2;Konjunktionen: ohne dass/ohne zu;
Ich habe den Vertrag unterschrieben, ohne ihn genau zu lesen.;B1.2;Konjunktionen: ohne dass/ohne zu;
Können Sie einen Kuchen backen, ohne ein Rezept zu benutzen?;B1.2;Konjunktionen: ohne dass/ohne zu;
Sind Sie wirklich gegangen, ohne dass Sie sich verabschiedet haben?;B1.2;Konjunktionen: ohne dass/ohne zu;
Kann man eine Sprache lernen, ohne die Grammatik zu verstehen?;B1.2;Konjunktionen: ohne dass/ohne zu;
Verstehen Sie den Film, ohne dass Sie die Untertitel lesen?;B1.2;Konjunktionen: ohne dass/ohne zu;
Er verliess den Raum, ohne dass es jemand bemerkte.;B1.2;Konjunktionen: ohne dass/ohne zu;
Sie beantwortete die Frage, ohne lange zu zögern.;B1.2;Konjunktionen: ohne dass/ohne zu;
Das Auto fuhr weiter, ohne an der roten Ampel zu halten.;B1.2;Konjunktionen: ohne dass/ohne zu;
Das Kind schlief ein, ohne dass man ihm eine Geschichte vorlesen musste.;B1.2;Konjunktionen: ohne dass/ohne zu;
Ausser dir habe ich heute noch niemanden gesehen.;B1.2;Präposition: ausser + Dativ;
Ich esse alles ausser Fisch.;B1.2;Präposition: ausser + Dativ;
Alle meine Freunde waren auf der Party ausser meinem besten Freund.;B1.2;Präposition: ausser + Dativ;
Ich habe alle Aufgaben erledigt ausser der letzten.;B1.2;Präposition: ausser + Dativ;
Wer kommt noch zur Party ausser Paul und Lena?;B1.2;Präposition: ausser + Dativ;
Gibt es noch etwas zu besprechen ausser diesem Punkt?;B1.2;Präposition: ausser + Dativ;
Hat jemand die Antwort gewusst ausser der Lehrerin?;B1.2;Präposition: ausser + Dativ;
Was kann man hier machen ausser wandern?;B1.2;Präposition: ausser + Dativ;
Alle waren mit dem Vorschlag einverstanden ausser einem Kollegen.;B1.2;Präposition: ausser + Dativ;
Das Museum ist täglich geöffnet ausser montags.;B1.2;Präposition: ausser + Dativ;
Die Strasse war leer ausser ein paar parkenden Autos.;B1.2;Präposition: ausser + Dativ;
Niemand wusste von dem Plan ausser dem Chef.;B1.2;Präposition: ausser + Dativ;
Ich bin gestern zur Geburtstagsfeier meiner Freundin eingeladen worden.;B1.2;Passiv Perfekt;
Ich bin froh, dass das Problem endlich gelöst worden ist.;B1.2;Passiv Perfekt;
Ich glaube, mein Fahrrad ist gestohlen worden.;B1.2;Passiv Perfekt;
Ich bin noch nie von der Polizei kontrolliert worden.;B1.2;Passiv Perfekt;
Ist das Paket schon geliefert worden?;B1.2;Passiv Perfekt;
Sind die Fenster schon geputzt worden?;B1.2;Passiv Perfekt;
Von wem ist dieses wunderschöne Bild gemalt worden?;B1.2;Passiv Perfekt;
Wann ist dieses Schloss gebaut worden?;B1.2;Passiv Perfekt;
Das neue Gesetz ist vom Parlament verabschiedet worden.;B1.2;Passiv Perfekt;
Der Dieb ist auf frischer Tat ertappt worden.;B1.2;Passiv Perfekt;
Die Brücke ist wegen Sturmschäden gesperrt worden.;B1.2;Passiv Perfekt;
Viele alte Bäume sind durch den Sturm entwurzelt worden.;B1.2;Passiv Perfekt;
Als Kind wurde ich oft von meinen Grosseltern betreut.;B1.2;Passiv Präteritum;
Ich wurde gebeten, eine kurze Rede zu halten.;B1.2;Passiv Präteritum;
Ich kann mich nicht erinnern, wann ich das letzte Mal gefragt wurde.;B1.2;Passiv Präteritum;
Wir wurden freundlich am Empfang begrüsst.;B1.2;Passiv Präteritum;
Wurden Sie über die Änderungen informiert?;B1.2;Passiv Präteritum;
Wo wurde der letzte James-Bond-Film gedreht?;B1.2;Passiv Präteritum;
Wann wurde die Berliner Mauer gebaut?;B1.2;Passiv Präteritum;
Von wem wurde Amerika entdeckt?;B1.2;Passiv Präteritum;
Das Gebäude wurde im Zweiten Weltkrieg zerstört.;B1.2;Passiv Präteritum;
Der Brief wurde gestern zugestellt.;B1.2;Passiv Präteritum;
Früher wurden Briefe mit der Hand geschrieben.;B1.2;Passiv Präteritum;
Die Türen wurden um 22 Uhr geschlossen.;B1.2;Passiv Präteritum;
Ich suche nach einer günstigeren Lösung für mein Problem.;B1.2;Adjektivdeklination mit Komparativ und Superlativ;
Ich glaube, das war die beste Entscheidung meines Lebens.;B1.2;Adjektivdeklination mit Komparativ und Superlativ;
Ich wünsche mir eine grössere Wohnung mit einem sonnigeren Balkon.;B1.2;Adjektivdeklination mit Komparativ und Superlativ;
Das ist der interessanteste Film, den ich je gesehen habe.;B1.2;Adjektivdeklination mit Komparativ und Superlativ;
Gibt es einen schnelleren Weg zum Flughafen?;B1.2;Adjektivdeklination mit Komparativ und Superlativ;
Welches ist das höchste Gebäude der Welt?;B1.2;Adjektivdeklination mit Komparativ und Superlativ;
Kennen Sie ein besseres Restaurant in dieser Gegend?;B1.2;Adjektivdeklination mit Komparativ und Superlativ;
Was ist die schwierigste Sprache, die Sie gelernt haben?;B1.2;Adjektivdeklination mit Komparativ und Superlativ;
Der schnellere Läufer gewann das Rennen.;B1.2;Adjektivdeklination mit Komparativ und Superlativ;
Das ist die schönste Aussicht der ganzen Region.;B1.2;Adjektivdeklination mit Komparativ und Superlativ;
Er kaufte das teuerste Auto im ganzen Autohaus.;B1.2;Adjektivdeklination mit Komparativ und Superlativ;
Ein klügerer Mensch hätte anders gehandelt.;B1.2;Adjektivdeklination mit Komparativ und Superlativ;
    ;;;